Record Length,2.500000e+03,,   0.009700000000,   0.36000,
Sample Interval,4.000000e-07,,   0.009700400000,   0.28000,
Trigger Point,-2.425000000000e+04,,   0.009700800000,   0.36000,
,,,   0.009701200000,   0.24000,
,,,   0.009701600000,   0.16000,
,,,   0.009702000000,   0.04000,
Source,CH2,,   0.009702400000,  -0.04000,
Vertical Units,V,,   0.009702800000,   0.04000,
Vertical Scale,1.000000e+00,,   0.009703200000,   0.04000,
Vertical Offset,1.680000e+00,,   0.009703600000,   0.12000,
Horizontal Units,s,,   0.009704000000,   0.20000,
Horizontal Scale,1.000000e-04,,   0.009704400000,   0.16000,
Pt Fmt,Y,,   0.009704800000,   0.28000,
Yzero,0.000000e+00,,   0.009705200000,   0.28000,
Probe Atten,1.000000e+00,,   0.009705600000,   0.28000,
Model Number,TDS2004C,,   0.009706000000,   0.16000,
Serial Number,C040472,,   0.009706400000,   0.08000,
Firmware Version,FV:v24.26,,   0.009706800000,   0.00000,
,,,0.009707200000,  -0.08000,
,,,0.009707600000,  -0.20000,
,,,0.009708000000,  -0.24000,
,,,0.009708400000,  -0.24000,
,,,0.009708800000,  -0.36000,
,,,0.009709200000,  -0.24000,
,,,0.009709600000,  -0.32000,
,,,0.009710000000,  -0.28000,
,,,0.009710400000,  -0.16000,
,,,0.009710800000,  -0.04000,
,,,0.009711200000,   0.12000,
,,,0.009711600000,   0.16000,
,,,0.009712000000,   0.24000,
,,,0.009712400000,   0.28000,
,,,0.009712800000,   0.36000,
,,,0.009713200000,   0.52000,
,,,0.009713600000,   0.64000,
,,,0.009714000000,   0.44000,
,,,0.009714400000,   0.60000,
,,,0.009714800000,   0.52000,
,,,0.009715200000,   0.68000,
,,,0.009715600000,   0.68000,
,,,0.009716000000,   0.76000,
,,,0.009716400000,   0.80000,
,,,0.009716800000,   0.88000,
,,,0.009717200000,   0.80000,
,,,0.009717600000,   0.88000,
,,,0.009718000000,   0.84000,
,,,0.009718400000,   0.80000,
,,,0.009718800000,   0.76000,
,,,0.009719200000,   0.64000,
,,,0.009719600000,   0.56000,
,,,0.009720000000,   0.56000,
,,,0.009720400000,   0.40000,
,,,0.009720800000,   0.28000,
,,,0.009721200000,   0.24000,
,,,0.009721600000,   0.08000,
,,,0.009722000000,  -0.04000,
,,,0.009722400000,  -0.16000,
,,,0.009722800000,  -0.28000,
,,,0.009723200000,  -0.40000,
,,,0.009723600000,  -0.28000,
,,,0.009724000000,  -0.36000,
,,,0.009724400000,  -0.40000,
,,,0.009724800000,  -0.36000,
,,,0.009725200000,  -0.40000,
,,,0.009725600000,  -0.60000,
,,,0.009726000000,  -0.68000,
,,,0.009726400000,  -0.60000,
,,,0.009726800000,  -0.52000,
,,,0.009727200000,  -0.64000,
,,,0.009727600000,  -0.64000,
,,,0.009728000000,  -0.56000,
,,,0.009728400000,  -0.68000,
,,,0.009728800000,  -0.88000,
,,,0.009729200000,  -1.04000,
,,,0.009729600000,  -0.92000,
,,,0.009730000000,  -1.00000,
,,,0.009730400000,   1.32000,
,,,0.009730800000,   1.00000,
,,,0.009731200000,   0.88000,
,,,0.009731600000,   0.52000,
,,,0.009732000000,   0.20000,
,,,0.009732400000,   0.08000,
,,,0.009732800000,  -0.16000,
,,,0.009733200000,  -0.36000,
,,,0.009733600000,  -0.64000,
,,,0.009734000000,  -0.80000,
,,,0.009734400000,  -0.96000,
,,,0.009734800000,   1.32000,
,,,0.009735200000,   0.96000,
,,,0.009735600000,   0.80000,
,,,0.009736000000,   0.52000,
,,,0.009736400000,   0.32000,
,,,0.009736800000,   0.08000,
,,,0.009737200000,  -0.12000,
,,,0.009737600000,  -0.12000,
,,,0.009738000000,  -0.20000,
,,,0.009738400000,  -0.24000,
,,,0.009738800000,  -0.28000,
,,,0.009739200000,  -0.28000,
,,,0.009739600000,  -0.36000,
,,,0.009740000000,  -0.56000,
,,,0.009740400000,  -0.48000,
,,,0.009740800000,  -0.40000,
,,,0.009741200000,  -0.44000,
,,,0.009741600000,  -0.32000,
,,,0.009742000000,  -0.36000,
,,,0.009742400000,  -0.32000,
,,,0.009742800000,  -0.36000,
,,,0.009743200000,  -0.36000,
,,,0.009743600000,  -0.40000,
,,,0.009744000000,  -0.36000,
,,,0.009744400000,  -0.40000,
,,,0.009744800000,  -0.20000,
,,,0.009745200000,  -0.24000,
,,,0.009745600000,  -0.20000,
,,,0.009746000000,  -0.12000,
,,,0.009746400000,  -0.04000,
,,,0.009746800000,   0.00000,
,,,0.009747200000,  -0.04000,
,,,0.009747600000,  -0.12000,
,,,0.009748000000,  -0.08000,
,,,0.009748400000,  -0.04000,
,,,0.009748800000,  -0.08000,
,,,0.009749200000,  -0.04000,
,,,0.009749600000,   0.12000,
,,,0.009750000000,   0.24000,
,,,0.009750400000,   0.48000,
,,,0.009750800000,   0.52000,
,,,0.009751200000,   0.80000,
,,,0.009751600000,   1.04000,
,,,0.009752000000,   1.08000,
,,,0.009752400000,  -0.28000,
,,,0.009752800000,  -0.52000,
,,,0.009753200000,  -0.24000,
,,,0.009753600000,  -0.08000,
,,,0.009754000000,   0.24000,
,,,0.009754400000,   0.40000,
,,,0.009754800000,   0.76000,
,,,0.009755200000,   1.00000,
,,,0.009755600000,  -1.28000,
,,,0.009756000000,  -0.80000,
,,,0.009756400000,  -0.48000,
,,,0.009756800000,  -0.36000,
,,,0.009757200000,  -0.20000,
,,,0.009757600000,   0.00000,
,,,0.009758000000,   0.12000,
,,,0.009758400000,   0.20000,
,,,0.009758800000,   0.40000,
,,,0.009759200000,   0.48000,
,,,0.009759600000,   0.48000,
,,,0.009760000000,   0.68000,
,,,0.009760400000,   0.84000,
,,,0.009760800000,   0.88000,
,,,0.009761200000,   1.04000,
,,,0.009761600000,   0.96000,
,,,0.009762000000,   1.00000,
,,,0.009762400000,   1.16000,
,,,0.009762800000,   0.80000,
,,,0.009763200000,  -1.20000,
,,,0.009763600000,  -1.04000,
,,,0.009764000000,  -0.92000,
,,,0.009764400000,  -0.64000,
,,,0.009764800000,  -0.32000,
,,,0.009765200000,  -0.12000,
,,,0.009765600000,   0.00000,
,,,0.009766000000,   0.12000,
,,,0.009766400000,   0.44000,
,,,0.009766800000,   0.60000,
,,,0.009767200000,   0.88000,
,,,0.009767600000,   0.96000,
,,,0.009768000000,   1.08000,
,,,0.009768400000,  -0.92000,
,,,0.009768800000,  -0.92000,
,,,0.009769200000,  -0.96000,
,,,0.009769600000,  -0.96000,
,,,0.009770000000,  -0.84000,
,,,0.009770400000,  -0.96000,
,,,0.009770800000,  -0.96000,
,,,0.009771200000,  -1.04000,
,,,0.009771600000,  -0.96000,
,,,0.009772000000,  -0.96000,
,,,0.009772400000,  -1.08000,
,,,0.009772800000,  -0.64000,
,,,0.009773200000,   0.08000,
,,,0.009773600000,  -0.72000,
,,,0.009774000000,   1.20000,
,,,0.009774400000,   1.08000,
,,,0.009774800000,   1.24000,
,,,0.009775200000,   0.80000,
,,,0.009775600000,  -0.80000,
,,,0.009776000000,  -0.76000,
,,,0.009776400000,   1.24000,
,,,0.009776800000,   1.08000,
,,,0.009777200000,   1.04000,
,,,0.009777600000,   0.96000,
,,,0.009778000000,   1.00000,
,,,0.009778400000,   0.96000,
,,,0.009778800000,   0.96000,
,,,0.009779200000,   0.80000,
,,,0.009779600000,   0.60000,
,,,0.009780000000,   0.40000,
,,,0.009780400000,   0.04000,
,,,0.009780800000,   0.00000,
,,,0.009781200000,  -0.08000,
,,,0.009781600000,  -0.28000,
,,,0.009782000000,  -0.44000,
,,,0.009782400000,  -0.64000,
,,,0.009782800000,  -0.76000,
,,,0.009783200000,  -0.92000,
,,,0.009783600000,  -0.32000,
,,,0.009784000000,   0.92000,
,,,0.009784400000,   0.72000,
,,,0.009784800000,   0.56000,
,,,0.009785200000,   0.36000,
,,,0.009785600000,   0.08000,
,,,0.009786000000,  -0.08000,
,,,0.009786400000,  -0.16000,
,,,0.009786800000,  -0.24000,
,,,0.009787200000,  -0.44000,
,,,0.009787600000,  -0.48000,
,,,0.009788000000,  -0.56000,
,,,0.009788400000,  -0.56000,
,,,0.009788800000,  -0.72000,
,,,0.009789200000,  -0.72000,
,,,0.009789600000,  -0.88000,
,,,0.009790000000,  -0.92000,
,,,0.009790400000,  -1.00000,
,,,0.009790800000,  -1.00000,
,,,0.009791200000,  -0.68000,
,,,0.009791600000,   1.40000,
,,,0.009792000000,   1.12000,
,,,0.009792400000,   1.16000,
,,,0.009792800000,   1.04000,
,,,0.009793200000,   0.92000,
,,,0.009793600000,   0.72000,
,,,0.009794000000,   0.48000,
,,,0.009794400000,   0.28000,
,,,0.009794800000,   0.12000,
,,,0.009795200000,   0.00000,
,,,0.009795600000,  -0.24000,
,,,0.009796000000,  -0.36000,
,,,0.009796400000,  -0.72000,
,,,0.009796800000,  -0.80000,
,,,0.009797200000,  -0.92000,
,,,0.009797600000,  -0.92000,
,,,0.009798000000,  -0.76000,
,,,0.009798400000,   1.00000,
,,,0.009798800000,   0.80000,
,,,0.009799200000,   0.52000,
,,,0.009799600000,   0.48000,
,,,0.009800000000,   0.28000,
,,,0.009800400000,   0.16000,
,,,0.009800800000,   0.00000,
,,,0.009801200000,  -0.12000,
,,,0.009801600000,  -0.32000,
,,,0.009802000000,  -0.44000,
,,,0.009802400000,  -0.52000,
,,,0.009802800000,  -0.52000,
,,,0.009803200000,  -0.60000,
,,,0.009803600000,  -0.60000,
,,,0.009804000000,  -0.68000,
,,,0.009804400000,  -0.76000,
,,,0.009804800000,  -0.92000,
,,,0.009805200000,  -0.96000,
,,,0.009805600000,  -1.00000,
,,,0.009806000000,   0.88000,
,,,0.009806400000,   1.16000,
,,,0.009806800000,   1.00000,
,,,0.009807200000,   0.80000,
,,,0.009807600000,   0.52000,
,,,0.009808000000,   0.36000,
,,,0.009808400000,   0.16000,
,,,0.009808800000,  -0.08000,
,,,0.009809200000,  -0.44000,
,,,0.009809600000,  -0.68000,
,,,0.009810000000,  -0.68000,
,,,0.009810400000,  -0.84000,
,,,0.009810800000,  -0.72000,
,,,0.009811200000,   1.08000,
,,,0.009811600000,   1.00000,
,,,0.009812000000,   0.76000,
,,,0.009812400000,   0.56000,
,,,0.009812800000,   0.32000,
,,,0.009813200000,   0.16000,
,,,0.009813600000,  -0.08000,
,,,0.009814000000,  -0.12000,
,,,0.009814400000,  -0.12000,
,,,0.009814800000,  -0.28000,
,,,0.009815200000,  -0.28000,
,,,0.009815600000,  -0.36000,
,,,0.009816000000,  -0.24000,
,,,0.009816400000,  -0.44000,
,,,0.009816800000,  -0.52000,
,,,0.009817200000,  -0.64000,
,,,0.009817600000,  -0.84000,
,,,0.009818000000,  -0.96000,
,,,0.009818400000,  -1.00000,
,,,0.009818800000,   1.16000,
,,,0.009819200000,   1.04000,
,,,0.009819600000,   0.96000,
,,,0.009820000000,   0.80000,
,,,0.009820400000,   0.64000,
,,,0.009820800000,   0.44000,
,,,0.009821200000,   0.36000,
,,,0.009821600000,   0.08000,
,,,0.009822000000,  -0.20000,
,,,0.009822400000,  -0.28000,
,,,0.009822800000,  -0.44000,
,,,0.009823200000,  -0.44000,
,,,0.009823600000,  -0.60000,
,,,0.009824000000,  -0.60000,
,,,0.009824400000,  -0.64000,
,,,0.009824800000,  -0.64000,
,,,0.009825200000,  -0.84000,
,,,0.009825600000,  -0.76000,
,,,0.009826000000,  -0.84000,
,,,0.009826400000,  -0.92000,
,,,0.009826800000,  -1.00000,
,,,0.009827200000,  -0.96000,
,,,0.009827600000,  -0.08000,
,,,0.009828000000,   0.92000,
,,,0.009828400000,   0.96000,
,,,0.009828800000,   0.80000,
,,,0.009829200000,   0.76000,
,,,0.009829600000,   0.64000,
,,,0.009830000000,   0.56000,
,,,0.009830400000,   0.48000,
,,,0.009830800000,   0.32000,
,,,0.009831200000,   0.08000,
,,,0.009831600000,   0.08000,
,,,0.009832000000,   0.08000,
,,,0.009832400000,   0.00000,
,,,0.009832800000,  -0.16000,
,,,0.009833200000,  -0.08000,
,,,0.009833600000,   0.08000,
,,,0.009834000000,   0.24000,
,,,0.009834400000,   0.08000,
,,,0.009834800000,   0.12000,
,,,0.009835200000,   0.16000,
,,,0.009835600000,   0.20000,
,,,0.009836000000,   0.28000,
,,,0.009836400000,   0.40000,
,,,0.009836800000,   0.48000,
,,,0.009837200000,   0.52000,
,,,0.009837600000,   0.52000,
,,,0.009838000000,   0.52000,
,,,0.009838400000,   0.44000,
,,,0.009838800000,   0.64000,
,,,0.009839200000,   0.64000,
,,,0.009839600000,   0.56000,
,,,0.009840000000,   0.64000,
,,,0.009840400000,   0.68000,
,,,0.009840800000,   0.64000,
,,,0.009841200000,   0.48000,
,,,0.009841600000,   0.76000,
,,,0.009842000000,   0.84000,
,,,0.009842400000,   0.92000,
,,,0.009842800000,   1.04000,
,,,0.009843200000,   0.92000,
,,,0.009843600000,   1.16000,
,,,0.009844000000,   1.08000,
,,,0.009844400000,  -1.24000,
,,,0.009844800000,  -0.96000,
,,,0.009845200000,  -0.88000,
,,,0.009845600000,  -0.92000,
,,,0.009846000000,  -0.88000,
,,,0.009846400000,  -0.76000,
,,,0.009846800000,  -0.72000,
,,,0.009847200000,  -0.72000,
,,,0.009847600000,  -0.80000,
,,,0.009848000000,  -0.88000,
,,,0.009848400000,  -0.84000,
,,,0.009848800000,  -0.88000,
,,,0.009849200000,  -0.92000,
,,,0.009849600000,  -0.92000,
,,,0.009850000000,  -1.04000,
,,,0.009850400000,  -1.08000,
,,,0.009850800000,  -0.28000,
,,,0.009851200000,  -0.40000,
,,,0.009851600000,  -1.04000,
,,,0.009852000000,   1.52000,
,,,0.009852400000,   1.20000,
,,,0.009852800000,   1.04000,
,,,0.009853200000,   0.96000,
,,,0.009853600000,   1.16000,
,,,0.009854000000,   1.12000,
,,,0.009854400000,   1.04000,
,,,0.009854800000,   0.96000,
,,,0.009855200000,   1.04000,
,,,0.009855600000,   1.16000,
,,,0.009856000000,   1.04000,
,,,0.009856400000,   1.04000,
,,,0.009856800000,   0.92000,
,,,0.009857200000,   0.76000,
,,,0.009857600000,   0.72000,
,,,0.009858000000,   0.72000,
,,,0.009858400000,   0.72000,
,,,0.009858800000,   0.68000,
,,,0.009859200000,   0.52000,
,,,0.009859600000,   0.56000,
,,,0.009860000000,   0.40000,
,,,0.009860400000,   0.28000,
,,,0.009860800000,   0.12000,
,,,0.009861200000,   0.08000,
,,,0.009861600000,  -0.12000,
,,,0.009862000000,  -0.20000,
,,,0.009862400000,  -0.32000,
,,,0.009862800000,  -0.48000,
,,,0.009863200000,  -0.56000,
,,,0.009863600000,  -0.64000,
,,,0.009864000000,  -0.72000,
,,,0.009864400000,  -0.88000,
,,,0.009864800000,   1.36000,
,,,0.009865200000,   1.20000,
,,,0.009865600000,   1.08000,
,,,0.009866000000,   0.96000,
,,,0.009866400000,   1.00000,
,,,0.009866800000,   0.84000,
,,,0.009867200000,   0.84000,
,,,0.009867600000,   0.68000,
,,,0.009868000000,   0.72000,
,,,0.009868400000,   0.52000,
,,,0.009868800000,   0.48000,
,,,0.009869200000,   0.44000,
,,,0.009869600000,   0.40000,
,,,0.009870000000,   0.40000,
,,,0.009870400000,   0.28000,
,,,0.009870800000,   0.16000,
,,,0.009871200000,   0.04000,
,,,0.009871600000,  -0.04000,
,,,0.009872000000,  -0.08000,
,,,0.009872400000,  -0.24000,
,,,0.009872800000,  -0.48000,
,,,0.009873200000,  -0.52000,
,,,0.009873600000,  -0.76000,
,,,0.009874000000,  -0.88000,
,,,0.009874400000,  -0.96000,
,,,0.009874800000,   0.52000,
,,,0.009875200000,   0.84000,
,,,0.009875600000,   0.80000,
,,,0.009876000000,   0.64000,
,,,0.009876400000,   0.52000,
,,,0.009876800000,   0.36000,
,,,0.009877200000,   0.36000,
,,,0.009877600000,   0.28000,
,,,0.009878000000,   0.20000,
,,,0.009878400000,   0.04000,
,,,0.009878800000,   0.00000,
,,,0.009879200000,  -0.08000,
,,,0.009879600000,  -0.24000,
,,,0.009880000000,  -0.44000,
,,,0.009880400000,  -0.36000,
,,,0.009880800000,  -0.56000,
,,,0.009881200000,  -0.56000,
,,,0.009881600000,  -0.64000,
,,,0.009882000000,  -0.52000,
,,,0.009882400000,  -0.52000,
,,,0.009882800000,  -0.36000,
,,,0.009883200000,  -0.32000,
,,,0.009883600000,  -0.44000,
,,,0.009884000000,  -0.44000,
,,,0.009884400000,  -0.32000,
,,,0.009884800000,  -0.16000,
,,,0.009885200000,  -0.12000,
,,,0.009885600000,  -0.32000,
,,,0.009886000000,  -0.28000,
,,,0.009886400000,  -0.24000,
,,,0.009886800000,  -0.40000,
,,,0.009887200000,  -0.44000,
,,,0.009887600000,  -0.56000,
,,,0.009888000000,  -0.64000,
,,,0.009888400000,  -0.88000,
,,,0.009888800000,  -1.04000,
,,,0.009889200000,   1.40000,
,,,0.009889600000,   1.04000,
,,,0.009890000000,   0.88000,
,,,0.009890400000,   0.80000,
,,,0.009890800000,   0.76000,
,,,0.009891200000,   0.60000,
,,,0.009891600000,   0.60000,
,,,0.009892000000,   0.56000,
,,,0.009892400000,   0.68000,
,,,0.009892800000,   0.68000,
,,,0.009893200000,   0.76000,
,,,0.009893600000,   0.80000,
,,,0.009894000000,   0.72000,
,,,0.009894400000,   0.84000,
,,,0.009894800000,   0.84000,
,,,0.009895200000,   0.96000,
,,,0.009895600000,   0.88000,
,,,0.009896000000,   0.96000,
,,,0.009896400000,   0.84000,
,,,0.009896800000,   0.84000,
,,,0.009897200000,   0.76000,
,,,0.009897600000,   0.60000,
,,,0.009898000000,   0.48000,
,,,0.009898400000,   0.32000,
,,,0.009898800000,   0.04000,
,,,0.009899200000,   0.00000,
,,,0.009899600000,  -0.24000,
,,,0.009900000000,  -0.28000,
,,,0.009900400000,  -0.52000,
,,,0.009900800000,  -0.64000,
,,,0.009901200000,  -0.80000,
,,,0.009901600000,  -0.96000,
,,,0.009902000000,  -0.80000,
,,,0.009902400000,   1.24000,
,,,0.009902800000,   1.08000,
,,,0.009903200000,   1.04000,
,,,0.009903600000,   0.88000,
,,,0.009904000000,   0.76000,
,,,0.009904400000,   0.72000,
,,,0.009904800000,   0.60000,
,,,0.009905200000,   0.64000,
,,,0.009905600000,   0.64000,
,,,0.009906000000,   0.68000,
,,,0.009906400000,   0.72000,
,,,0.009906800000,   0.68000,
,,,0.009907200000,   0.60000,
,,,0.009907600000,   0.48000,
,,,0.009908000000,   0.28000,
,,,0.009908400000,   0.20000,
,,,0.009908800000,   0.08000,
,,,0.009909200000,  -0.04000,
,,,0.009909600000,  -0.24000,
,,,0.009910000000,  -0.32000,
,,,0.009910400000,  -0.68000,
,,,0.009910800000,  -0.96000,
,,,0.009911200000,   1.08000,
,,,0.009911600000,   0.84000,
,,,0.009912000000,   0.72000,
,,,0.009912400000,   0.48000,
,,,0.009912800000,   0.32000,
,,,0.009913200000,   0.12000,
,,,0.009913600000,  -0.12000,
,,,0.009914000000,  -0.32000,
,,,0.009914400000,  -0.40000,
,,,0.009914800000,  -0.64000,
,,,0.009915200000,  -0.84000,
,,,0.009915600000,  -0.96000,
,,,0.009916000000,  -1.00000,
,,,0.009916400000,   0.08000,
,,,0.009916800000,   0.88000,
,,,0.009917200000,   1.04000,
,,,0.009917600000,   1.04000,
,,,0.009918000000,   1.00000,
,,,0.009918400000,   1.04000,
,,,0.009918800000,   0.84000,
,,,0.009919200000,   0.72000,
,,,0.009919600000,   0.76000,
,,,0.009920000000,   0.64000,
,,,0.009920400000,   0.68000,
,,,0.009920800000,   0.64000,
,,,0.009921200000,   0.56000,
,,,0.009921600000,   0.44000,
,,,0.009922000000,   0.12000,
,,,0.009922400000,   0.04000,
,,,0.009922800000,  -0.08000,
,,,0.009923200000,  -0.16000,
,,,0.009923600000,  -0.40000,
,,,0.009924000000,  -0.32000,
,,,0.009924400000,  -0.48000,
,,,0.009924800000,  -0.68000,
,,,0.009925200000,  -0.84000,
,,,0.009925600000,  -0.88000,
,,,0.009926000000,  -1.04000,
,,,0.009926400000,  -0.52000,
,,,0.009926800000,   0.84000,
,,,0.009927200000,   0.84000,
,,,0.009927600000,   0.88000,
,,,0.009928000000,   0.76000,
,,,0.009928400000,   0.68000,
,,,0.009928800000,   0.60000,
,,,0.009929200000,   0.64000,
,,,0.009929600000,   0.84000,
,,,0.009930000000,   0.80000,
,,,0.009930400000,   0.84000,
,,,0.009930800000,   0.88000,
,,,0.009931200000,   0.84000,
,,,0.009931600000,   0.76000,
,,,0.009932000000,   0.80000,
,,,0.009932400000,   0.88000,
,,,0.009932800000,   0.96000,
,,,0.009933200000,   1.00000,
,,,0.009933600000,   1.00000,
,,,0.009934000000,   0.92000,
,,,0.009934400000,   0.84000,
,,,0.009934800000,   1.08000,
,,,0.009935200000,   1.04000,
,,,0.009935600000,   1.04000,
,,,0.009936000000,   0.96000,
,,,0.009936400000,   1.04000,
,,,0.009936800000,   0.76000,
,,,0.009937200000,   0.68000,
,,,0.009937600000,   0.56000,
,,,0.009938000000,   0.56000,
,,,0.009938400000,   0.40000,
,,,0.009938800000,   0.36000,
,,,0.009939200000,   0.28000,
,,,0.009939600000,   0.24000,
,,,0.009940000000,   0.24000,
,,,0.009940400000,   0.24000,
,,,0.009940800000,   0.08000,
,,,0.009941200000,   0.00000,
,,,0.009941600000,  -0.08000,
,,,0.009942000000,  -0.04000,
,,,0.009942400000,  -0.12000,
,,,0.009942800000,  -0.20000,
,,,0.009943200000,  -0.32000,
,,,0.009943600000,  -0.40000,
,,,0.009944000000,  -0.64000,
,,,0.009944400000,  -0.64000,
,,,0.009944800000,  -0.72000,
,,,0.009945200000,  -0.44000,
,,,0.009945600000,  -0.36000,
,,,0.009946000000,  -0.32000,
,,,0.009946400000,  -0.24000,
,,,0.009946800000,  -0.28000,
,,,0.009947200000,  -0.36000,
,,,0.009947600000,  -0.40000,
,,,0.009948000000,  -0.32000,
,,,0.009948400000,  -0.60000,
,,,0.009948800000,  -0.72000,
,,,0.009949200000,  -0.96000,
,,,0.009949600000,   1.40000,
,,,0.009950000000,   1.04000,
,,,0.009950400000,   0.88000,
,,,0.009950800000,   0.52000,
,,,0.009951200000,   0.20000,
,,,0.009951600000,  -0.08000,
,,,0.009952000000,  -0.32000,
,,,0.009952400000,  -0.84000,
,,,0.009952800000,   0.88000,
,,,0.009953200000,   0.72000,
,,,0.009953600000,   0.44000,
,,,0.009954000000,   0.16000,
,,,0.009954400000,  -0.16000,
,,,0.009954800000,  -0.44000,
,,,0.009955200000,  -0.56000,
,,,0.009955600000,  -0.76000,
,,,0.009956000000,  -0.92000,
,,,0.009956400000,   0.64000,
,,,0.009956800000,   0.76000,
,,,0.009957200000,   0.60000,
,,,0.009957600000,   0.32000,
,,,0.009958000000,   0.40000,
,,,0.009958400000,   0.12000,
,,,0.009958800000,  -0.08000,
,,,0.009959200000,  -0.24000,
,,,0.009959600000,  -0.40000,
,,,0.009960000000,  -0.60000,
,,,0.009960400000,  -0.68000,
,,,0.009960800000,  -0.76000,
,,,0.009961200000,  -0.92000,
,,,0.009961600000,  -0.48000,
,,,0.009962000000,   1.04000,
,,,0.009962400000,   0.96000,
,,,0.009962800000,   0.88000,
,,,0.009963200000,   0.68000,
,,,0.009963600000,   0.44000,
,,,0.009964000000,   0.28000,
,,,0.009964400000,   0.08000,
,,,0.009964800000,  -0.24000,
,,,0.009965200000,  -0.36000,
,,,0.009965600000,  -0.40000,
,,,0.009966000000,  -0.72000,
,,,0.009966400000,  -0.88000,
,,,0.009966800000,  -1.00000,
,,,0.009967200000,   1.48000,
,,,0.009967600000,   1.16000,
,,,0.009968000000,   0.68000,
,,,0.009968400000,   0.52000,
,,,0.009968800000,   0.28000,
,,,0.009969200000,  -0.08000,
,,,0.009969600000,  -0.32000,
,,,0.009970000000,  -0.60000,
,,,0.009970400000,  -0.88000,
,,,0.009970800000,   1.40000,
,,,0.009971200000,   0.96000,
,,,0.009971600000,   0.76000,
,,,0.009972000000,   0.60000,
,,,0.009972400000,   0.60000,
,,,0.009972800000,   0.64000,
,,,0.009973200000,   0.36000,
,,,0.009973600000,   0.16000,
,,,0.009974000000,  -0.04000,
,,,0.009974400000,  -0.20000,
,,,0.009974800000,  -0.44000,
,,,0.009975200000,  -0.68000,
,,,0.009975600000,  -0.84000,
,,,0.009976000000,  -0.92000,
,,,0.009976400000,  -1.00000,
,,,0.009976800000,   1.40000,
,,,0.009977200000,   0.88000,
,,,0.009977600000,   0.60000,
,,,0.009978000000,   0.44000,
,,,0.009978400000,   0.36000,
,,,0.009978800000,  -0.12000,
,,,0.009979200000,  -0.32000,
,,,0.009979600000,  -0.48000,
,,,0.009980000000,  -0.64000,
,,,0.009980400000,  -0.72000,
,,,0.009980800000,  -0.88000,
,,,0.009981200000,  -0.72000,
,,,0.009981600000,   1.12000,
,,,0.009982000000,   0.92000,
,,,0.009982400000,   1.00000,
,,,0.009982800000,   0.84000,
,,,0.009983200000,   0.84000,
,,,0.009983600000,   0.80000,
,,,0.009984000000,   0.84000,
,,,0.009984400000,   0.92000,
,,,0.009984800000,   0.88000,
,,,0.009985200000,   0.96000,
,,,0.009985600000,   0.96000,
,,,0.009986000000,   0.88000,
,,,0.009986400000,   0.76000,
,,,0.009986800000,   0.68000,
,,,0.009987200000,   0.56000,
,,,0.009987600000,   0.36000,
,,,0.009988000000,   0.12000,
,,,0.009988400000,  -0.08000,
,,,0.009988800000,  -0.32000,
,,,0.009989200000,  -0.56000,
,,,0.009989600000,  -0.72000,
,,,0.009990000000,  -0.92000,
,,,0.009990400000,  -0.12000,
,,,0.009990800000,   1.04000,
,,,0.009991200000,   0.72000,
,,,0.009991600000,   0.56000,
,,,0.009992000000,   0.32000,
,,,0.009992400000,   0.16000,
,,,0.009992800000,   0.16000,
,,,0.009993200000,   0.04000,
,,,0.009993600000,  -0.08000,
,,,0.009994000000,  -0.12000,
,,,0.009994400000,  -0.24000,
,,,0.009994800000,  -0.32000,
,,,0.009995200000,  -0.48000,
,,,0.009995600000,  -0.64000,
,,,0.009996000000,  -0.84000,
,,,0.009996400000,  -0.84000,
,,,0.009996800000,  -0.96000,
,,,0.009997200000,   1.44000,
,,,0.009997600000,   1.16000,
,,,0.009998000000,   0.84000,
,,,0.009998400000,   0.76000,
,,,0.009998800000,   0.56000,
,,,0.009999200000,   0.40000,
,,,0.009999600000,   0.28000,
,,,0.010000000000,   0.16000,
,,,0.010000400000,  -0.12000,
,,,0.010000800000,  -0.36000,
,,,0.010001200000,  -0.64000,
,,,0.010001600000,  -0.84000,
,,,0.010002000000,   0.04000,
,,,0.010002400000,   0.88000,
,,,0.010002800000,   0.64000,
,,,0.010003200000,   0.56000,
,,,0.010003600000,   0.44000,
,,,0.010004000000,   0.40000,
,,,0.010004400000,   0.12000,
,,,0.010004800000,   0.04000,
,,,0.010005200000,  -0.20000,
,,,0.010005600000,  -0.48000,
,,,0.010006000000,  -0.64000,
,,,0.010006400000,  -0.84000,
,,,0.010006800000,  -0.72000,
,,,0.010007200000,  -0.72000,
,,,0.010007600000,  -1.00000,
,,,0.010008000000,   0.28000,
,,,0.010008400000,   0.96000,
,,,0.010008800000,   0.88000,
,,,0.010009200000,   0.64000,
,,,0.010009600000,   0.60000,
,,,0.010010000000,   0.40000,
,,,0.010010400000,   0.24000,
,,,0.010010800000,  -0.04000,
,,,0.010011200000,  -0.24000,
,,,0.010011600000,  -0.44000,
,,,0.010012000000,  -0.60000,
,,,0.010012400000,  -0.56000,
,,,0.010012800000,  -0.92000,
,,,0.010013200000,   1.20000,
,,,0.010013600000,   0.84000,
,,,0.010014000000,   0.92000,
,,,0.010014400000,   0.68000,
,,,0.010014800000,   0.64000,
,,,0.010015200000,   0.52000,
,,,0.010015600000,   0.48000,
,,,0.010016000000,   0.40000,
,,,0.010016400000,   0.16000,
,,,0.010016800000,   0.04000,
,,,0.010017200000,  -0.04000,
,,,0.010017600000,  -0.28000,
,,,0.010018000000,  -0.36000,
,,,0.010018400000,  -0.44000,
,,,0.010018800000,  -0.60000,
,,,0.010019200000,  -0.68000,
,,,0.010019600000,  -0.96000,
,,,0.010020000000,  -0.48000,
,,,0.010020400000,   0.96000,
,,,0.010020800000,   0.84000,
,,,0.010021200000,   0.64000,
,,,0.010021600000,   0.52000,
,,,0.010022000000,   0.44000,
,,,0.010022400000,   0.20000,
,,,0.010022800000,   0.12000,
,,,0.010023200000,  -0.08000,
,,,0.010023600000,  -0.24000,
,,,0.010024000000,  -0.48000,
,,,0.010024400000,  -0.80000,
,,,0.010024800000,  -0.60000,
,,,0.010025200000,   1.12000,
,,,0.010025600000,   1.00000,
,,,0.010026000000,   0.84000,
,,,0.010026400000,   0.64000,
,,,0.010026800000,   0.44000,
,,,0.010027200000,   0.36000,
,,,0.010027600000,   0.16000,
,,,0.010028000000,   0.00000,
,,,0.010028400000,  -0.20000,
,,,0.010028800000,  -0.28000,
,,,0.010029200000,  -0.36000,
,,,0.010029600000,  -0.48000,
,,,0.010030000000,  -0.68000,
,,,0.010030400000,  -0.80000,
,,,0.010030800000,  -0.88000,
,,,0.010031200000,  -0.84000,
,,,0.010031600000,   1.16000,
,,,0.010032000000,   1.16000,
,,,0.010032400000,   0.96000,
,,,0.010032800000,   0.76000,
,,,0.010033200000,   0.56000,
,,,0.010033600000,   0.48000,
,,,0.010034000000,   0.40000,
,,,0.010034400000,   0.32000,
,,,0.010034800000,   0.28000,
,,,0.010035200000,   0.16000,
,,,0.010035600000,   0.04000,
,,,0.010036000000,  -0.20000,
,,,0.010036400000,  -0.32000,
,,,0.010036800000,  -0.40000,
,,,0.010037200000,  -0.48000,
,,,0.010037600000,  -0.76000,
,,,0.010038000000,  -0.92000,
,,,0.010038400000,   0.24000,
,,,0.010038800000,   0.84000,
,,,0.010039200000,   0.60000,
,,,0.010039600000,   0.56000,
,,,0.010040000000,   0.28000,
,,,0.010040400000,   0.16000,
,,,0.010040800000,   0.00000,
,,,0.010041200000,  -0.04000,
,,,0.010041600000,  -0.24000,
,,,0.010042000000,  -0.36000,
,,,0.010042400000,  -0.64000,
,,,0.010042800000,  -0.76000,
,,,0.010043200000,  -0.80000,
,,,0.010043600000,  -0.92000,
,,,0.010044000000,  -1.04000,
,,,0.010044400000,   1.48000,
,,,0.010044800000,   1.20000,
,,,0.010045200000,   1.08000,
,,,0.010045600000,   0.88000,
,,,0.010046000000,   0.76000,
,,,0.010046400000,   0.88000,
,,,0.010046800000,   0.68000,
,,,0.010047200000,   0.40000,
,,,0.010047600000,   0.28000,
,,,0.010048000000,   0.24000,
,,,0.010048400000,  -0.08000,
,,,0.010048800000,  -0.24000,
,,,0.010049200000,  -0.60000,
,,,0.010049600000,  -0.88000,
,,,0.010050000000,   1.20000,
,,,0.010050400000,   0.96000,
,,,0.010050800000,   0.72000,
,,,0.010051200000,   0.52000,
,,,0.010051600000,   0.28000,
,,,0.010052000000,   0.08000,
,,,0.010052400000,  -0.24000,
,,,0.010052800000,  -0.32000,
,,,0.010053200000,  -0.56000,
,,,0.010053600000,  -0.60000,
,,,0.010054000000,  -0.96000,
,,,0.010054400000,   0.52000,
,,,0.010054800000,   0.72000,
,,,0.010055200000,   0.64000,
,,,0.010055600000,   0.32000,
,,,0.010056000000,   0.24000,
,,,0.010056400000,   0.08000,
,,,0.010056800000,  -0.08000,
,,,0.010057200000,  -0.28000,
,,,0.010057600000,  -0.40000,
,,,0.010058000000,  -0.64000,
,,,0.010058400000,  -0.84000,
,,,0.010058800000,  -0.96000,
,,,0.010059200000,   1.32000,
,,,0.010059600000,   0.96000,
,,,0.010060000000,   0.68000,
,,,0.010060400000,   0.56000,
,,,0.010060800000,   0.44000,
,,,0.010061200000,   0.44000,
,,,0.010061600000,   0.36000,
,,,0.010062000000,   0.28000,
,,,0.010062400000,   0.16000,
,,,0.010062800000,   0.00000,
,,,0.010063200000,  -0.08000,
,,,0.010063600000,  -0.16000,
,,,0.010064000000,  -0.20000,
,,,0.010064400000,  -0.32000,
,,,0.010064800000,  -0.36000,
,,,0.010065200000,  -0.52000,
,,,0.010065600000,  -0.60000,
,,,0.010066000000,  -0.60000,
,,,0.010066400000,  -0.76000,
,,,0.010066800000,  -0.84000,
,,,0.010067200000,  -0.92000,
,,,0.010067600000,   0.36000,
,,,0.010068000000,   0.88000,
,,,0.010068400000,   0.84000,
,,,0.010068800000,   0.84000,
,,,0.010069200000,   0.72000,
,,,0.010069600000,   0.56000,
,,,0.010070000000,   0.52000,
,,,0.010070400000,   0.16000,
,,,0.010070800000,  -0.16000,
,,,0.010071200000,  -0.16000,
,,,0.010071600000,  -0.32000,
,,,0.010072000000,  -0.44000,
,,,0.010072400000,  -0.48000,
,,,0.010072800000,  -0.60000,
,,,0.010073200000,  -0.64000,
,,,0.010073600000,  -0.72000,
,,,0.010074000000,  -0.68000,
,,,0.010074400000,  -0.80000,
,,,0.010074800000,  -0.88000,
,,,0.010075200000,  -0.92000,
,,,0.010075600000,  -0.96000,
,,,0.010076000000,  -0.88000,
,,,0.010076400000,  -0.92000,
,,,0.010076800000,  -0.88000,
,,,0.010077200000,  -1.00000,
,,,0.010077600000,   1.44000,
,,,0.010078000000,   1.24000,
,,,0.010078400000,   1.08000,
,,,0.010078800000,   1.04000,
,,,0.010079200000,   1.08000,
,,,0.010079600000,   1.04000,
,,,0.010080000000,   0.96000,
,,,0.010080400000,   0.92000,
,,,0.010080800000,   0.96000,
,,,0.010081200000,   1.00000,
,,,0.010081600000,   1.00000,
,,,0.010082000000,   1.04000,
,,,0.010082400000,   1.12000,
,,,0.010082800000,   1.08000,
,,,0.010083200000,   1.00000,
,,,0.010083600000,   1.08000,
,,,0.010084000000,   0.92000,
,,,0.010084400000,   0.96000,
,,,0.010084800000,   0.92000,
,,,0.010085200000,   0.72000,
,,,0.010085600000,   0.72000,
,,,0.010086000000,   0.68000,
,,,0.010086400000,   0.68000,
,,,0.010086800000,   0.64000,
,,,0.010087200000,   0.68000,
,,,0.010087600000,   0.68000,
,,,0.010088000000,   0.72000,
,,,0.010088400000,   0.80000,
,,,0.010088800000,   0.72000,
,,,0.010089200000,   0.76000,
,,,0.010089600000,   0.68000,
,,,0.010090000000,   0.64000,
,,,0.010090400000,   0.72000,
,,,0.010090800000,   0.72000,
,,,0.010091200000,   0.68000,
,,,0.010091600000,   0.88000,
,,,0.010092000000,   0.80000,
,,,0.010092400000,   0.76000,
,,,0.010092800000,   0.76000,
,,,0.010093200000,   0.88000,
,,,0.010093600000,   0.88000,
,,,0.010094000000,   0.92000,
,,,0.010094400000,   0.96000,
,,,0.010094800000,   1.00000,
,,,0.010095200000,   1.00000,
,,,0.010095600000,   1.04000,
,,,0.010096000000,   0.92000,
,,,0.010096400000,  -1.12000,
,,,0.010096800000,  -1.00000,
,,,0.010097200000,   1.00000,
,,,0.010097600000,  -1.28000,
,,,0.010098000000,  -1.16000,
,,,0.010098400000,  -1.00000,
,,,0.010098800000,  -1.00000,
,,,0.010099200000,  -0.96000,
,,,0.010099600000,  -1.08000,
,,,0.010100000000,   0.08000,
,,,0.010100400000,   0.72000,
,,,0.010100800000,   1.16000,
,,,0.010101200000,   1.12000,
,,,0.010101600000,   1.04000,
,,,0.010102000000,   0.92000,
,,,0.010102400000,   0.72000,
,,,0.010102800000,   0.64000,
,,,0.010103200000,   0.52000,
,,,0.010103600000,   0.36000,
,,,0.010104000000,   0.20000,
,,,0.010104400000,   0.08000,
,,,0.010104800000,  -0.12000,
,,,0.010105200000,  -0.32000,
,,,0.010105600000,  -0.36000,
,,,0.010106000000,  -0.52000,
,,,0.010106400000,  -0.64000,
,,,0.010106800000,  -0.56000,
,,,0.010107200000,  -0.68000,
,,,0.010107600000,  -0.80000,
,,,0.010108000000,  -0.92000,
,,,0.010108400000,  -0.96000,
,,,0.010108800000,  -0.96000,
,,,0.010109200000,  -0.80000,
,,,0.010109600000,  -0.80000,
,,,0.010110000000,  -0.96000,
,,,0.010110400000,  -0.28000,
,,,0.010110800000,  -1.08000,
,,,0.010111200000,   1.08000,
,,,0.010111600000,   0.92000,
,,,0.010112000000,   0.76000,
,,,0.010112400000,   0.52000,
,,,0.010112800000,   0.28000,
,,,0.010113200000,  -0.12000,
,,,0.010113600000,  -0.40000,
,,,0.010114000000,  -0.68000,
,,,0.010114400000,  -0.88000,
,,,0.010114800000,  -0.64000,
,,,0.010115200000,   1.12000,
,,,0.010115600000,   1.04000,
,,,0.010116000000,   0.92000,
,,,0.010116400000,   0.72000,
,,,0.010116800000,   0.48000,
,,,0.010117200000,   0.24000,
,,,0.010117600000,   0.16000,
,,,0.010118000000,   0.00000,
,,,0.010118400000,  -0.24000,
,,,0.010118800000,  -0.36000,
,,,0.010119200000,  -0.48000,
,,,0.010119600000,  -0.52000,
,,,0.010120000000,  -0.72000,
,,,0.010120400000,  -0.92000,
,,,0.010120800000,  -0.48000,
,,,0.010121200000,   1.16000,
,,,0.010121600000,   0.80000,
,,,0.010122000000,   0.64000,
,,,0.010122400000,   0.40000,
,,,0.010122800000,   0.32000,
,,,0.010123200000,   0.28000,
,,,0.010123600000,   0.08000,
,,,0.010124000000,  -0.04000,
,,,0.010124400000,  -0.40000,
,,,0.010124800000,  -0.68000,
,,,0.010125200000,  -0.96000,
,,,0.010125600000,   1.28000,
,,,0.010126000000,   1.08000,
,,,0.010126400000,   0.84000,
,,,0.010126800000,   0.52000,
,,,0.010127200000,   0.36000,
,,,0.010127600000,   0.08000,
,,,0.010128000000,  -0.20000,
,,,0.010128400000,  -0.40000,
,,,0.010128800000,  -0.52000,
,,,0.010129200000,  -0.80000,
,,,0.010129600000,  -0.96000,
,,,0.010130000000,   1.40000,
,,,0.010130400000,   1.04000,
,,,0.010130800000,   0.76000,
,,,0.010131200000,   0.52000,
,,,0.010131600000,   0.32000,
,,,0.010132000000,   0.20000,
,,,0.010132400000,   0.00000,
,,,0.010132800000,  -0.04000,
,,,0.010133200000,  -0.28000,
,,,0.010133600000,  -0.24000,
,,,0.010134000000,  -0.40000,
,,,0.010134400000,  -0.52000,
,,,0.010134800000,  -0.68000,
,,,0.010135200000,  -0.92000,
,,,0.010135600000,  -0.88000,
,,,0.010136000000,   1.32000,
,,,0.010136400000,   1.00000,
,,,0.010136800000,   0.76000,
,,,0.010137200000,   0.60000,
,,,0.010137600000,   0.36000,
,,,0.010138000000,   0.04000,
,,,0.010138400000,  -0.24000,
,,,0.010138800000,  -0.72000,
,,,0.010139200000,  -0.84000,
,,,0.010139600000,   0.60000,
,,,0.010140000000,   0.68000,
,,,0.010140400000,   0.48000,
,,,0.010140800000,   0.36000,
,,,0.010141200000,   0.16000,
,,,0.010141600000,  -0.04000,
,,,0.010142000000,  -0.24000,
,,,0.010142400000,  -0.40000,
,,,0.010142800000,  -0.52000,
,,,0.010143200000,  -0.76000,
,,,0.010143600000,  -0.80000,
,,,0.010144000000,  -0.92000,
,,,0.010144400000,   0.36000,
,,,0.010144800000,   0.92000,
,,,0.010145200000,   0.80000,
,,,0.010145600000,   0.60000,
,,,0.010146000000,   0.52000,
,,,0.010146400000,   0.36000,
,,,0.010146800000,   0.12000,
,,,0.010147200000,  -0.04000,
,,,0.010147600000,  -0.24000,
,,,0.010148000000,  -0.48000,
,,,0.010148400000,  -0.84000,
,,,0.010148800000,   0.80000,
,,,0.010149200000,   0.76000,
,,,0.010149600000,   0.60000,
,,,0.010150000000,   0.20000,
,,,0.010150400000,   0.04000,
,,,0.010150800000,  -0.04000,
,,,0.010151200000,  -0.28000,
,,,0.010151600000,  -0.52000,
,,,0.010152000000,  -0.72000,
,,,0.010152400000,  -1.04000,
,,,0.010152800000,   0.08000,
,,,0.010153200000,   0.80000,
,,,0.010153600000,   0.84000,
,,,0.010154000000,   0.72000,
,,,0.010154400000,   0.76000,
,,,0.010154800000,   0.56000,
,,,0.010155200000,   0.48000,
,,,0.010155600000,   0.32000,
,,,0.010156000000,   0.32000,
,,,0.010156400000,   0.12000,
,,,0.010156800000,  -0.08000,
,,,0.010157200000,  -0.04000,
,,,0.010157600000,  -0.24000,
,,,0.010158000000,  -0.44000,
,,,0.010158400000,  -0.60000,
,,,0.010158800000,  -0.72000,
,,,0.010159200000,  -0.72000,
,,,0.010159600000,  -1.00000,
,,,0.010160000000,   0.68000,
,,,0.010160400000,   0.92000,
,,,0.010160800000,   0.76000,
,,,0.010161200000,   0.56000,
,,,0.010161600000,   0.40000,
,,,0.010162000000,   0.32000,
,,,0.010162400000,   0.20000,
,,,0.010162800000,   0.04000,
,,,0.010163200000,  -0.04000,
,,,0.010163600000,  -0.20000,
,,,0.010164000000,  -0.28000,
,,,0.010164400000,  -0.40000,
,,,0.010164800000,  -0.48000,
,,,0.010165200000,  -0.64000,
,,,0.010165600000,  -0.80000,
,,,0.010166000000,  -0.92000,
,,,0.010166400000,  -0.88000,
,,,0.010166800000,  -0.84000,
,,,0.010167200000,  -0.88000,
,,,0.010167600000,  -1.04000,
,,,0.010168000000,   1.28000,
,,,0.010168400000,   1.36000,
,,,0.010168800000,   1.16000,
,,,0.010169200000,   0.88000,
,,,0.010169600000,   0.88000,
,,,0.010170000000,   0.68000,
,,,0.010170400000,   0.52000,
,,,0.010170800000,   0.28000,
,,,0.010171200000,   0.04000,
,,,0.010171600000,  -0.08000,
,,,0.010172000000,  -0.32000,
,,,0.010172400000,  -0.48000,
,,,0.010172800000,  -0.60000,
,,,0.010173200000,  -0.76000,
,,,0.010173600000,  -0.92000,
,,,0.010174000000,  -0.92000,
,,,0.010174400000,  -1.08000,
,,,0.010174800000,   0.68000,
,,,0.010175200000,   0.96000,
,,,0.010175600000,   0.84000,
,,,0.010176000000,   0.68000,
,,,0.010176400000,   0.76000,
,,,0.010176800000,   0.60000,
,,,0.010177200000,   0.52000,
,,,0.010177600000,   0.44000,
,,,0.010178000000,   0.36000,
,,,0.010178400000,   0.08000,
,,,0.010178800000,  -0.12000,
,,,0.010179200000,  -0.32000,
,,,0.010179600000,  -0.52000,
,,,0.010180000000,  -0.68000,
,,,0.010180400000,  -0.76000,
,,,0.010180800000,  -0.92000,
,,,0.010181200000,   0.88000,
,,,0.010181600000,   0.92000,
,,,0.010182000000,   1.08000,
,,,0.010182400000,   1.12000,
,,,0.010182800000,   0.92000,
,,,0.010183200000,   0.80000,
,,,0.010183600000,   0.84000,
,,,0.010184000000,   0.84000,
,,,0.010184400000,   0.72000,
,,,0.010184800000,   0.48000,
,,,0.010185200000,   0.56000,
,,,0.010185600000,   0.40000,
,,,0.010186000000,   0.32000,
,,,0.010186400000,   0.12000,
,,,0.010186800000,   0.12000,
,,,0.010187200000,   0.00000,
,,,0.010187600000,   0.04000,
,,,0.010188000000,  -0.08000,
,,,0.010188400000,  -0.28000,
,,,0.010188800000,  -0.44000,
,,,0.010189200000,  -0.56000,
,,,0.010189600000,  -0.68000,
,,,0.010190000000,  -0.72000,
,,,0.010190400000,  -0.80000,
,,,0.010190800000,  -0.96000,
,,,0.010191200000,  -0.76000,
,,,0.010191600000,  -0.80000,
,,,0.010192000000,  -0.84000,
,,,0.010192400000,  -0.80000,
,,,0.010192800000,  -0.76000,
,,,0.010193200000,  -0.76000,
,,,0.010193600000,  -0.80000,
,,,0.010194000000,  -0.92000,
,,,0.010194400000,  -1.00000,
,,,0.010194800000,  -1.04000,
,,,0.010195200000,  -1.00000,
,,,0.010195600000,   1.40000,
,,,0.010196000000,   1.08000,
,,,0.010196400000,   1.12000,
,,,0.010196800000,   1.00000,
,,,0.010197200000,   1.00000,
,,,0.010197600000,   0.92000,
,,,0.010198000000,   0.96000,
,,,0.010198400000,   0.88000,
,,,0.010198800000,   1.00000,
,,,0.010199200000,   0.84000,
,,,0.010199600000,   0.60000,
,,,0.010200000000,   0.52000,
,,,0.010200400000,   0.32000,
,,,0.010200800000,   0.16000,
,,,0.010201200000,   0.08000,
,,,0.010201600000,   0.08000,
,,,0.010202000000,  -0.04000,
,,,0.010202400000,  -0.24000,
,,,0.010202800000,  -0.32000,
,,,0.010203200000,  -0.28000,
,,,0.010203600000,  -0.40000,
,,,0.010204000000,  -0.56000,
,,,0.010204400000,  -0.64000,
,,,0.010204800000,  -0.52000,
,,,0.010205200000,  -0.56000,
,,,0.010205600000,  -0.48000,
,,,0.010206000000,  -0.52000,
,,,0.010206400000,  -0.48000,
,,,0.010206800000,  -0.44000,
,,,0.010207200000,  -0.24000,
,,,0.010207600000,  -0.12000,
,,,0.010208000000,  -0.16000,
,,,0.010208400000,   0.04000,
,,,0.010208800000,   0.16000,
,,,0.010209200000,   0.20000,
,,,0.010209600000,   0.20000,
,,,0.010210000000,   0.08000,
,,,0.010210400000,   0.28000,
,,,0.010210800000,   0.24000,
,,,0.010211200000,   0.32000,
,,,0.010211600000,   0.52000,
,,,0.010212000000,   0.64000,
,,,0.010212400000,   0.80000,
,,,0.010212800000,   0.96000,
,,,0.010213200000,   1.08000,
,,,0.010213600000,   1.12000,
,,,0.010214000000,  -1.32000,
,,,0.010214400000,  -1.12000,
,,,0.010214800000,  -1.00000,
,,,0.010215200000,  -0.72000,
,,,0.010215600000,  -0.36000,
,,,0.010216000000,  -0.36000,
,,,0.010216400000,  -0.36000,
,,,0.010216800000,  -0.24000,
,,,0.010217200000,  -0.36000,
,,,0.010217600000,  -0.40000,
,,,0.010218000000,  -0.48000,
,,,0.010218400000,  -0.24000,
,,,0.010218800000,  -0.20000,
,,,0.010219200000,   0.16000,
,,,0.010219600000,   0.24000,
,,,0.010220000000,   0.48000,
,,,0.010220400000,   0.52000,
,,,0.010220800000,   0.52000,
,,,0.010221200000,   0.52000,
,,,0.010221600000,   0.72000,
,,,0.010222000000,   1.04000,
,,,0.010222400000,  -0.96000,
,,,0.010222800000,  -0.72000,
,,,0.010223200000,  -0.68000,
,,,0.010223600000,  -0.52000,
,,,0.010224000000,  -0.36000,
,,,0.010224400000,  -0.12000,
,,,0.010224800000,   0.16000,
,,,0.010225200000,   0.16000,
,,,0.010225600000,   0.28000,
,,,0.010226000000,   0.32000,
,,,0.010226400000,   0.40000,
,,,0.010226800000,   0.60000,
,,,0.010227200000,   0.76000,
,,,0.010227600000,   0.80000,
,,,0.010228000000,   0.96000,
,,,0.010228400000,   1.12000,
,,,0.010228800000,   1.04000,
,,,0.010229200000,   0.84000,
,,,0.010229600000,   0.68000,
,,,0.010230000000,  -0.92000,
,,,0.010230400000,  -0.88000,
,,,0.010230800000,  -0.84000,
,,,0.010231200000,  -0.92000,
,,,0.010231600000,  -0.96000,
,,,0.010232000000,  -1.04000,
,,,0.010232400000,  -0.28000,
,,,0.010232800000,  -0.84000,
,,,0.010233200000,  -0.88000,
,,,0.010233600000,  -0.92000,
,,,0.010234000000,   1.00000,
,,,0.010234400000,  -1.24000,
,,,0.010234800000,  -1.08000,
,,,0.010235200000,  -0.96000,
,,,0.010235600000,  -0.92000,
,,,0.010236000000,  -0.88000,
,,,0.010236400000,  -0.76000,
,,,0.010236800000,  -0.80000,
,,,0.010237200000,  -0.88000,
,,,0.010237600000,  -0.72000,
,,,0.010238000000,  -0.68000,
,,,0.010238400000,  -0.52000,
,,,0.010238800000,  -0.44000,
,,,0.010239200000,  -0.48000,
,,,0.010239600000,  -0.40000,
,,,0.010240000000,  -0.24000,
,,,0.010240400000,  -0.12000,
,,,0.010240800000,  -0.16000,
,,,0.010241200000,  -0.20000,
,,,0.010241600000,  -0.16000,
,,,0.010242000000,  -0.20000,
,,,0.010242400000,  -0.12000,
,,,0.010242800000,  -0.08000,
,,,0.010243200000,  -0.08000,
,,,0.010243600000,  -0.16000,
,,,0.010244000000,  -0.08000,
,,,0.010244400000,   0.12000,
,,,0.010244800000,   0.16000,
,,,0.010245200000,  -0.04000,
,,,0.010245600000,  -0.12000,
,,,0.010246000000,  -0.12000,
,,,0.010246400000,  -0.24000,
,,,0.010246800000,  -0.12000,
,,,0.010247200000,  -0.04000,
,,,0.010247600000,  -0.08000,
,,,0.010248000000,   0.00000,
,,,0.010248400000,   0.08000,
,,,0.010248800000,   0.20000,
,,,0.010249200000,   0.32000,
,,,0.010249600000,   0.28000,
,,,0.010250000000,   0.40000,
,,,0.010250400000,   0.28000,
,,,0.010250800000,   0.40000,
,,,0.010251200000,   0.36000,
,,,0.010251600000,   0.48000,
,,,0.010252000000,   0.60000,
,,,0.010252400000,   0.56000,
,,,0.010252800000,   0.56000,
,,,0.010253200000,   0.56000,
,,,0.010253600000,   0.60000,
,,,0.010254000000,   0.52000,
,,,0.010254400000,   0.48000,
,,,0.010254800000,   0.44000,
,,,0.010255200000,   0.36000,
,,,0.010255600000,   0.40000,
,,,0.010256000000,   0.32000,
,,,0.010256400000,   0.28000,
,,,0.010256800000,   0.28000,
,,,0.010257200000,   0.40000,
,,,0.010257600000,   0.40000,
,,,0.010258000000,   0.56000,
,,,0.010258400000,   0.60000,
,,,0.010258800000,   0.56000,
,,,0.010259200000,   0.64000,
,,,0.010259600000,   0.72000,
,,,0.010260000000,   0.76000,
,,,0.010260400000,   0.80000,
,,,0.010260800000,   0.72000,
,,,0.010261200000,   0.88000,
,,,0.010261600000,   0.92000,
,,,0.010262000000,   1.00000,
,,,0.010262400000,   1.04000,
,,,0.010262800000,   1.04000,
,,,0.010263200000,  -0.76000,
,,,0.010263600000,   0.96000,
,,,0.010264000000,   1.00000,
,,,0.010264400000,   1.00000,
,,,0.010264800000,   1.04000,
,,,0.010265200000,   0.96000,
,,,0.010265600000,   1.04000,
,,,0.010266000000,   1.08000,
,,,0.010266400000,   1.04000,
,,,0.010266800000,   1.04000,
,,,0.010267200000,   0.96000,
,,,0.010267600000,   0.92000,
,,,0.010268000000,   0.80000,
,,,0.010268400000,   0.80000,
,,,0.010268800000,   0.56000,
,,,0.010269200000,   0.40000,
,,,0.010269600000,   0.48000,
,,,0.010270000000,   0.40000,
,,,0.010270400000,   0.52000,
,,,0.010270800000,   0.44000,
,,,0.010271200000,   0.44000,
,,,0.010271600000,   0.28000,
,,,0.010272000000,   0.20000,
,,,0.010272400000,  -0.04000,
,,,0.010272800000,  -0.12000,
,,,0.010273200000,  -0.12000,
,,,0.010273600000,  -0.24000,
,,,0.010274000000,  -0.48000,
,,,0.010274400000,  -0.56000,
,,,0.010274800000,  -0.60000,
,,,0.010275200000,  -0.88000,
,,,0.010275600000,  -1.00000,
,,,0.010276000000,   0.64000,
,,,0.010276400000,   1.00000,
,,,0.010276800000,   1.04000,
,,,0.010277200000,   1.00000,
,,,0.010277600000,   0.96000,
,,,0.010278000000,   1.00000,
,,,0.010278400000,   0.80000,
,,,0.010278800000,   0.76000,
,,,0.010279200000,   0.72000,
,,,0.010279600000,   0.80000,
,,,0.010280000000,   0.64000,
,,,0.010280400000,   0.44000,
,,,0.010280800000,   0.36000,
,,,0.010281200000,   0.04000,
,,,0.010281600000,  -0.12000,
,,,0.010282000000,  -0.20000,
,,,0.010282400000,  -0.28000,
,,,0.010282800000,  -0.56000,
,,,0.010283200000,  -0.76000,
,,,0.010283600000,  -0.88000,
,,,0.010284000000,  -0.96000,
,,,0.010284400000,   0.60000,
,,,0.010284800000,   1.08000,
,,,0.010285200000,   0.96000,
,,,0.010285600000,   0.80000,
,,,0.010286000000,   0.48000,
,,,0.010286400000,   0.28000,
,,,0.010286800000,   0.20000,
,,,0.010287200000,   0.12000,
,,,0.010287600000,   0.04000,
,,,0.010288000000,  -0.16000,
,,,0.010288400000,  -0.24000,
,,,0.010288800000,  -0.36000,
,,,0.010289200000,  -0.60000,
,,,0.010289600000,  -0.52000,
,,,0.010290000000,  -0.72000,
,,,0.010290400000,  -0.80000,
,,,0.010290800000,  -0.88000,
,,,0.010291200000,  -0.76000,
,,,0.010291600000,  -0.84000,
,,,0.010292000000,  -0.84000,
,,,0.010292400000,  -0.96000,
,,,0.010292800000,  -1.00000,
,,,0.010293200000,  -0.36000,
,,,0.010293600000,   1.44000,
,,,0.010294000000,   1.20000,
,,,0.010294400000,   1.00000,
,,,0.010294800000,   0.92000,
,,,0.010295200000,   0.72000,
,,,0.010295600000,   0.60000,
,,,0.010296000000,   0.40000,
,,,0.010296400000,   0.12000,
,,,0.010296800000,  -0.04000,
,,,0.010297200000,  -0.08000,
,,,0.010297600000,  -0.20000,
,,,0.010298000000,  -0.20000,
,,,0.010298400000,  -0.32000,
,,,0.010298800000,  -0.36000,
,,,0.010299200000,  -0.52000,
,,,0.010299600000,  -0.68000,
,,,0.010300000000,  -0.80000,
,,,0.010300400000,  -0.96000,
,,,0.010300800000,  -1.00000,
,,,0.010301200000,  -0.84000,
,,,0.010301600000,  -1.16000,
,,,0.010302000000,   0.24000,
,,,0.010302400000,   0.96000,
,,,0.010302800000,   0.96000,
,,,0.010303200000,   0.84000,
,,,0.010303600000,   0.80000,
,,,0.010304000000,   0.80000,
,,,0.010304400000,   0.80000,
,,,0.010304800000,   0.80000,
,,,0.010305200000,   0.92000,
,,,0.010305600000,   1.04000,
,,,0.010306000000,   0.96000,
,,,0.010306400000,   0.84000,
,,,0.010306800000,   0.68000,
,,,0.010307200000,   0.60000,
,,,0.010307600000,   0.48000,
,,,0.010308000000,   0.28000,
,,,0.010308400000,   0.16000,
,,,0.010308800000,   0.08000,
,,,0.010309200000,   0.00000,
,,,0.010309600000,  -0.12000,
,,,0.010310000000,  -0.24000,
,,,0.010310400000,  -0.24000,
,,,0.010310800000,  -0.32000,
,,,0.010311200000,  -0.44000,
,,,0.010311600000,  -0.56000,
,,,0.010312000000,  -0.60000,
,,,0.010312400000,  -0.68000,
,,,0.010312800000,  -0.72000,
,,,0.010313200000,  -0.76000,
,,,0.010313600000,  -0.84000,
,,,0.010314000000,  -0.80000,
,,,0.010314400000,  -0.88000,
,,,0.010314800000,  -1.04000,
,,,0.010315200000,  -1.00000,
,,,0.010315600000,  -0.92000,
,,,0.010316000000,  -1.04000,
,,,0.010316400000,  -0.68000,
,,,0.010316800000,   1.16000,
,,,0.010317200000,   1.12000,
,,,0.010317600000,   1.12000,
,,,0.010318000000,   1.04000,
,,,0.010318400000,   0.96000,
,,,0.010318800000,   1.00000,
,,,0.010319200000,   0.92000,
,,,0.010319600000,   0.80000,
,,,0.010320000000,   0.72000,
,,,0.010320400000,   0.64000,
,,,0.010320800000,   0.56000,
,,,0.010321200000,   0.32000,
,,,0.010321600000,   0.40000,
,,,0.010322000000,   0.36000,
,,,0.010322400000,   0.24000,
,,,0.010322800000,   0.24000,
,,,0.010323200000,   0.12000,
,,,0.010323600000,  -0.04000,
,,,0.010324000000,  -0.08000,
,,,0.010324400000,   0.00000,
,,,0.010324800000,   0.04000,
,,,0.010325200000,   0.16000,
,,,0.010325600000,   0.20000,
,,,0.010326000000,   0.36000,
,,,0.010326400000,   0.40000,
,,,0.010326800000,   0.40000,
,,,0.010327200000,   0.48000,
,,,0.010327600000,   0.44000,
,,,0.010328000000,   0.36000,
,,,0.010328400000,   0.32000,
,,,0.010328800000,   0.40000,
,,,0.010329200000,   0.60000,
,,,0.010329600000,   0.44000,
,,,0.010330000000,   0.32000,
,,,0.010330400000,   0.24000,
,,,0.010330800000,   0.20000,
,,,0.010331200000,   0.20000,
,,,0.010331600000,   0.24000,
,,,0.010332000000,   0.16000,
,,,0.010332400000,   0.16000,
,,,0.010332800000,   0.20000,
,,,0.010333200000,   0.28000,
,,,0.010333600000,   0.16000,
,,,0.010334000000,   0.32000,
,,,0.010334400000,   0.44000,
,,,0.010334800000,   0.64000,
,,,0.010335200000,   0.76000,
,,,0.010335600000,   0.80000,
,,,0.010336000000,   1.04000,
,,,0.010336400000,   1.12000,
,,,0.010336800000,   1.12000,
,,,0.010337200000,  -1.28000,
,,,0.010337600000,  -1.04000,
,,,0.010338000000,  -0.92000,
,,,0.010338400000,  -0.88000,
,,,0.010338800000,  -0.80000,
,,,0.010339200000,  -0.84000,
,,,0.010339600000,  -0.84000,
,,,0.010340000000,  -0.72000,
,,,0.010340400000,  -0.84000,
,,,0.010340800000,  -0.92000,
,,,0.010341200000,  -1.00000,
,,,0.010341600000,  -1.04000,
,,,0.010342000000,  -0.92000,
,,,0.010342400000,  -1.00000,
,,,0.010342800000,  -0.52000,
,,,0.010343200000,   1.00000,
,,,0.010343600000,   1.08000,
,,,0.010344000000,   0.68000,
,,,0.010344400000,   1.00000,
,,,0.010344800000,   0.12000,
,,,0.010345200000,  -1.00000,
,,,0.010345600000,  -0.96000,
,,,0.010346000000,  -0.92000,
,,,0.010346400000,  -1.04000,
,,,0.010346800000,  -0.84000,
,,,0.010347200000,  -0.96000,
,,,0.010347600000,  -0.84000,
,,,0.010348000000,  -1.00000,
,,,0.010348400000,  -0.88000,
,,,0.010348800000,  -0.76000,
,,,0.010349200000,  -0.80000,
,,,0.010349600000,  -0.68000,
,,,0.010350000000,  -0.56000,
,,,0.010350400000,  -0.40000,
,,,0.010350800000,  -0.40000,
,,,0.010351200000,  -0.48000,
,,,0.010351600000,  -0.56000,
,,,0.010352000000,  -0.48000,
,,,0.010352400000,  -0.44000,
,,,0.010352800000,  -0.40000,
,,,0.010353200000,  -0.32000,
,,,0.010353600000,  -0.32000,
,,,0.010354000000,  -0.20000,
,,,0.010354400000,  -0.08000,
,,,0.010354800000,   0.00000,
,,,0.010355200000,   0.12000,
,,,0.010355600000,   0.24000,
,,,0.010356000000,   0.24000,
,,,0.010356400000,   0.36000,
,,,0.010356800000,   0.60000,
,,,0.010357200000,   0.80000,
,,,0.010357600000,   0.96000,
,,,0.010358000000,   0.88000,
,,,0.010358400000,  -0.96000,
,,,0.010358800000,  -0.60000,
,,,0.010359200000,  -0.36000,
,,,0.010359600000,  -0.08000,
,,,0.010360000000,   0.20000,
,,,0.010360400000,   0.52000,
,,,0.010360800000,   0.84000,
,,,0.010361200000,   1.08000,
,,,0.010361600000,  -0.72000,
,,,0.010362000000,  -0.68000,
,,,0.010362400000,  -0.52000,
,,,0.010362800000,  -0.32000,
,,,0.010363200000,  -0.08000,
,,,0.010363600000,   0.28000,
,,,0.010364000000,   0.48000,
,,,0.010364400000,   0.60000,
,,,0.010364800000,   0.92000,
,,,0.010365200000,   1.00000,
,,,0.010365600000,  -1.32000,
,,,0.010366000000,  -0.76000,
,,,0.010366400000,  -0.40000,
,,,0.010366800000,  -0.20000,
,,,0.010367200000,  -0.16000,
,,,0.010367600000,   0.16000,
,,,0.010368000000,   0.40000,
,,,0.010368400000,   0.80000,
,,,0.010368800000,   0.96000,
,,,0.010369200000,  -1.12000,
,,,0.010369600000,  -0.72000,
,,,0.010370000000,  -0.40000,
,,,0.010370400000,  -0.16000,
,,,0.010370800000,   0.08000,
,,,0.010371200000,   0.48000,
,,,0.010371600000,   0.88000,
,,,0.010372000000,   1.04000,
,,,0.010372400000,  -1.08000,
,,,0.010372800000,  -0.52000,
,,,0.010373200000,  -0.08000,
,,,0.010373600000,   0.40000,
,,,0.010374000000,   0.80000,
,,,0.010374400000,   1.00000,
,,,0.010374800000,  -1.08000,
,,,0.010375200000,  -0.68000,
,,,0.010375600000,  -0.52000,
,,,0.010376000000,  -0.20000,
,,,0.010376400000,  -0.08000,
,,,0.010376800000,   0.20000,
,,,0.010377200000,   0.48000,
,,,0.010377600000,   0.72000,
,,,0.010378000000,   1.00000,
,,,0.010378400000,   0.72000,
,,,0.010378800000,  -0.84000,
,,,0.010379200000,  -0.64000,
,,,0.010379600000,  -0.56000,
,,,0.010380000000,  -0.52000,
,,,0.010380400000,  -0.36000,
,,,0.010380800000,  -0.40000,
,,,0.010381200000,  -0.32000,
,,,0.010381600000,  -0.32000,
,,,0.010382000000,  -0.28000,
,,,0.010382400000,  -0.24000,
,,,0.010382800000,  -0.04000,
,,,0.010383200000,   0.08000,
,,,0.010383600000,   0.12000,
,,,0.010384000000,   0.12000,
,,,0.010384400000,   0.32000,
,,,0.010384800000,   0.36000,
,,,0.010385200000,   0.28000,
,,,0.010385600000,   0.48000,
,,,0.010386000000,   0.60000,
,,,0.010386400000,   0.84000,
,,,0.010386800000,   1.16000,
,,,0.010387200000,   0.24000,
,,,0.010387600000,  -0.80000,
,,,0.010388000000,  -0.76000,
,,,0.010388400000,  -0.64000,
,,,0.010388800000,  -0.56000,
,,,0.010389200000,  -0.36000,
,,,0.010389600000,  -0.32000,
,,,0.010390000000,  -0.08000,
,,,0.010390400000,  -0.08000,
,,,0.010390800000,  -0.04000,
,,,0.010391200000,   0.12000,
,,,0.010391600000,   0.28000,
,,,0.010392000000,   0.28000,
,,,0.010392400000,   0.28000,
,,,0.010392800000,   0.24000,
,,,0.010393200000,   0.32000,
,,,0.010393600000,   0.40000,
,,,0.010394000000,   0.36000,
,,,0.010394400000,   0.52000,
,,,0.010394800000,   0.60000,
,,,0.010395200000,   0.80000,
,,,0.010395600000,   0.68000,
,,,0.010396000000,   0.84000,
,,,0.010396400000,   0.88000,
,,,0.010396800000,   1.04000,
,,,0.010397200000,   1.00000,
,,,0.010397600000,   0.88000,
,,,0.010398000000,   1.08000,
,,,0.010398400000,   0.80000,
,,,0.010398800000,  -0.92000,
,,,0.010399200000,  -0.88000,
,,,0.010399600000,  -0.84000,
,,,0.010400000000,  -0.68000,
,,,0.010400400000,  -0.52000,
,,,0.010400800000,  -0.44000,
,,,0.010401200000,  -0.24000,
,,,0.010401600000,  -0.16000,
,,,0.010402000000,  -0.04000,
,,,0.010402400000,   0.08000,
,,,0.010402800000,   0.32000,
,,,0.010403200000,   0.36000,
,,,0.010403600000,   0.32000,
,,,0.010404000000,   0.36000,
,,,0.010404400000,   0.48000,
,,,0.010404800000,   0.52000,
,,,0.010405200000,   0.44000,
,,,0.010405600000,   0.48000,
,,,0.010406000000,   0.56000,
,,,0.010406400000,   0.56000,
,,,0.010406800000,   0.56000,
,,,0.010407200000,   0.84000,
,,,0.010407600000,   0.76000,
,,,0.010408000000,   0.88000,
,,,0.010408400000,   0.96000,
,,,0.010408800000,   0.92000,
,,,0.010409200000,   1.00000,
,,,0.010409600000,   1.08000,
,,,0.010410000000,   0.08000,
,,,0.010410400000,  -0.88000,
,,,0.010410800000,  -0.88000,
,,,0.010411200000,  -0.84000,
,,,0.010411600000,  -0.80000,
,,,0.010412000000,  -0.72000,
,,,0.010412400000,  -0.52000,
,,,0.010412800000,  -0.52000,
,,,0.010413200000,  -0.52000,
,,,0.010413600000,  -0.48000,
,,,0.010414000000,  -0.52000,
,,,0.010414400000,  -0.52000,
,,,0.010414800000,  -0.36000,
,,,0.010415200000,  -0.36000,
,,,0.010415600000,  -0.28000,
,,,0.010416000000,  -0.32000,
,,,0.010416400000,  -0.28000,
,,,0.010416800000,  -0.36000,
,,,0.010417200000,  -0.48000,
,,,0.010417600000,  -0.52000,
,,,0.010418000000,  -0.48000,
,,,0.010418400000,  -0.32000,
,,,0.010418800000,  -0.52000,
,,,0.010419200000,  -0.44000,
,,,0.010419600000,  -0.44000,
,,,0.010420000000,  -0.48000,
,,,0.010420400000,  -0.40000,
,,,0.010420800000,  -0.40000,
,,,0.010421200000,  -0.40000,
,,,0.010421600000,  -0.56000,
,,,0.010422000000,  -0.60000,
,,,0.010422400000,  -0.60000,
,,,0.010422800000,  -0.60000,
,,,0.010423200000,  -0.56000,
,,,0.010423600000,  -0.72000,
,,,0.010424000000,  -0.68000,
,,,0.010424400000,  -0.72000,
,,,0.010424800000,  -0.68000,
,,,0.010425200000,  -0.80000,
,,,0.010425600000,  -0.80000,
,,,0.010426000000,  -0.84000,
,,,0.010426400000,  -0.76000,
,,,0.010426800000,  -0.96000,
,,,0.010427200000,  -1.00000,
,,,0.010427600000,  -1.04000,
,,,0.010428000000,  -1.00000,
,,,0.010428400000,  -1.08000,
,,,0.010428800000,  -0.96000,
,,,0.010429200000,   1.40000,
,,,0.010429600000,   1.24000,
,,,0.010430000000,   1.16000,
,,,0.010430400000,   1.12000,
,,,0.010430800000,   1.16000,
,,,0.010431200000,   1.16000,
,,,0.010431600000,   0.76000,
,,,0.010432000000,   1.00000,
,,,0.010432400000,   0.92000,
,,,0.010432800000,   1.00000,
,,,0.010433200000,   1.00000,
,,,0.010433600000,   0.84000,
,,,0.010434000000,   0.88000,
,,,0.010434400000,   1.00000,
,,,0.010434800000,   0.96000,
,,,0.010435200000,   0.80000,
,,,0.010435600000,   0.80000,
,,,0.010436000000,   0.68000,
,,,0.010436400000,   0.60000,
,,,0.010436800000,   0.52000,
,,,0.010437200000,   0.52000,
,,,0.010437600000,   0.52000,
,,,0.010438000000,   0.48000,
,,,0.010438400000,   0.44000,
,,,0.010438800000,   0.52000,
,,,0.010439200000,   0.56000,
,,,0.010439600000,   0.64000,
,,,0.010440000000,   0.60000,
,,,0.010440400000,   0.80000,
,,,0.010440800000,   0.80000,
,,,0.010441200000,   0.88000,
,,,0.010441600000,   1.00000,
,,,0.010442000000,  -0.20000,
,,,0.010442400000,  -0.84000,
,,,0.010442800000,  -0.80000,
,,,0.010443200000,  -0.64000,
,,,0.010443600000,  -0.60000,
,,,0.010444000000,  -0.40000,
,,,0.010444400000,  -0.12000,
,,,0.010444800000,   0.08000,
,,,0.010445200000,   0.32000,
,,,0.010445600000,   0.52000,
,,,0.010446000000,   0.68000,
,,,0.010446400000,   0.80000,
,,,0.010446800000,   1.00000,
,,,0.010447200000,  -0.96000,
,,,0.010447600000,  -1.08000,
,,,0.010448000000,  -0.88000,
,,,0.010448400000,  -0.96000,
,,,0.010448800000,  -0.92000,
,,,0.010449200000,  -0.96000,
,,,0.010449600000,  -0.88000,
,,,0.010450000000,  -0.92000,
,,,0.010450400000,  -0.88000,
,,,0.010450800000,  -0.88000,
,,,0.010451200000,  -0.84000,
,,,0.010451600000,  -0.92000,
,,,0.010452000000,  -0.84000,
,,,0.010452400000,  -0.96000,
,,,0.010452800000,  -1.04000,
,,,0.010453200000,  -0.88000,
,,,0.010453600000,  -0.80000,
,,,0.010454000000,  -0.72000,
,,,0.010454400000,  -0.72000,
,,,0.010454800000,  -0.60000,
,,,0.010455200000,  -0.44000,
,,,0.010455600000,  -0.56000,
,,,0.010456000000,  -0.44000,
,,,0.010456400000,  -0.28000,
,,,0.010456800000,  -0.24000,
,,,0.010457200000,  -0.24000,
,,,0.010457600000,  -0.08000,
,,,0.010458000000,   0.08000,
,,,0.010458400000,  -0.12000,
,,,0.010458800000,  -0.04000,
,,,0.010459200000,   0.08000,
,,,0.010459600000,   0.08000,
,,,0.010460000000,   0.20000,
,,,0.010460400000,   0.24000,
,,,0.010460800000,   0.16000,
,,,0.010461200000,   0.12000,
,,,0.010461600000,   0.16000,
,,,0.010462000000,   0.16000,
,,,0.010462400000,   0.16000,
,,,0.010462800000,   0.16000,
,,,0.010463200000,   0.04000,
,,,0.010463600000,  -0.12000,
,,,0.010464000000,  -0.20000,
,,,0.010464400000,  -0.32000,
,,,0.010464800000,  -0.44000,
,,,0.010465200000,  -0.44000,
,,,0.010465600000,  -0.56000,
,,,0.010466000000,  -0.68000,
,,,0.010466400000,  -0.84000,
,,,0.010466800000,  -1.00000,
,,,0.010467200000,  -1.04000,
,,,0.010467600000,  -1.00000,
,,,0.010468000000,  -1.04000,
,,,0.010468400000,  -1.00000,
,,,0.010468800000,  -1.00000,
,,,0.010469200000,  -0.88000,
,,,0.010469600000,  -0.84000,
,,,0.010470000000,  -0.68000,
,,,0.010470400000,  -0.60000,
,,,0.010470800000,  -0.48000,
,,,0.010471200000,  -0.44000,
,,,0.010471600000,  -0.24000,
,,,0.010472000000,  -0.32000,
,,,0.010472400000,  -0.28000,
,,,0.010472800000,  -0.08000,
,,,0.010473200000,  -0.08000,
,,,0.010473600000,   0.12000,
,,,0.010474000000,   0.24000,
,,,0.010474400000,   0.48000,
,,,0.010474800000,   0.60000,
,,,0.010475200000,   0.60000,
,,,0.010475600000,   0.64000,
,,,0.010476000000,   0.68000,
,,,0.010476400000,   0.64000,
,,,0.010476800000,   0.64000,
,,,0.010477200000,   0.72000,
,,,0.010477600000,   0.64000,
,,,0.010478000000,   0.64000,
,,,0.010478400000,   0.76000,
,,,0.010478800000,   0.76000,
,,,0.010479200000,   0.84000,
,,,0.010479600000,   0.88000,
,,,0.010480000000,   0.96000,
,,,0.010480400000,   1.08000,
,,,0.010480800000,   1.04000,
,,,0.010481200000,   0.96000,
,,,0.010481600000,   0.76000,
,,,0.010482000000,  -1.12000,
,,,0.010482400000,   0.24000,
,,,0.010482800000,   0.52000,
,,,0.010483200000,   0.96000,
,,,0.010483600000,  -0.20000,
,,,0.010484000000,  -0.36000,
,,,0.010484400000,  -0.72000,
,,,0.010484800000,  -0.52000,
,,,0.010485200000,  -0.52000,
,,,0.010485600000,  -0.52000,
,,,0.010486000000,  -0.56000,
,,,0.010486400000,  -0.24000,
,,,0.010486800000,   0.04000,
,,,0.010487200000,   0.00000,
,,,0.010487600000,   0.24000,
,,,0.010488000000,   0.44000,
,,,0.010488400000,   0.56000,
,,,0.010488800000,   0.72000,
,,,0.010489200000,   0.96000,
,,,0.010489600000,   1.00000,
,,,0.010490000000,   0.08000,
,,,0.010490400000,  -0.76000,
,,,0.010490800000,  -0.64000,
,,,0.010491200000,  -0.68000,
,,,0.010491600000,  -0.60000,
,,,0.010492000000,  -0.52000,
,,,0.010492400000,  -0.36000,
,,,0.010492800000,  -0.20000,
,,,0.010493200000,  -0.04000,
,,,0.010493600000,   0.16000,
,,,0.010494000000,   0.40000,
,,,0.010494400000,   0.60000,
,,,0.010494800000,   0.92000,
,,,0.010495200000,   1.08000,
,,,0.010495600000,  -1.12000,
,,,0.010496000000,  -0.88000,
,,,0.010496400000,  -0.64000,
,,,0.010496800000,  -0.44000,
,,,0.010497200000,  -0.24000,
,,,0.010497600000,  -0.08000,
,,,0.010498000000,   0.08000,
,,,0.010498400000,   0.24000,
,,,0.010498800000,   0.64000,
,,,0.010499200000,   0.88000,
,,,0.010499600000,   1.12000,
,,,0.010500000000,  -1.24000,
,,,0.010500400000,  -0.92000,
,,,0.010500800000,  -0.56000,
,,,0.010501200000,  -0.48000,
,,,0.010501600000,  -0.12000,
,,,0.010502000000,  -0.08000,
,,,0.010502400000,   0.08000,
,,,0.010502800000,   0.24000,
,,,0.010503200000,   0.40000,
,,,0.010503600000,   0.36000,
,,,0.010504000000,   0.44000,
,,,0.010504400000,   0.56000,
,,,0.010504800000,   0.68000,
,,,0.010505200000,   0.88000,
,,,0.010505600000,   0.96000,
,,,0.010506000000,  -1.08000,
,,,0.010506400000,  -0.72000,
,,,0.010506800000,  -0.40000,
,,,0.010507200000,  -0.32000,
,,,0.010507600000,  -0.16000,
,,,0.010508000000,   0.04000,
,,,0.010508400000,   0.12000,
,,,0.010508800000,   0.32000,
,,,0.010509200000,   0.60000,
,,,0.010509600000,   0.80000,
,,,0.010510000000,   1.08000,
,,,0.010510400000,  -1.16000,
,,,0.010510800000,  -0.84000,
,,,0.010511200000,  -0.64000,
,,,0.010511600000,  -0.52000,
,,,0.010512000000,  -0.40000,
,,,0.010512400000,  -0.28000,
,,,0.010512800000,  -0.28000,
,,,0.010513200000,  -0.08000,
,,,0.010513600000,  -0.08000,
,,,0.010514000000,   0.00000,
,,,0.010514400000,  -0.04000,
,,,0.010514800000,   0.04000,
,,,0.010515200000,   0.08000,
,,,0.010515600000,   0.12000,
,,,0.010516000000,   0.04000,
,,,0.010516400000,   0.00000,
,,,0.010516800000,  -0.16000,
,,,0.010517200000,   0.08000,
,,,0.010517600000,   0.16000,
,,,0.010518000000,   0.20000,
,,,0.010518400000,   0.20000,
,,,0.010518800000,   0.04000,
,,,0.010519200000,   0.04000,
,,,0.010519600000,   0.12000,
,,,0.010520000000,   0.08000,
,,,0.010520400000,   0.16000,
,,,0.010520800000,   0.20000,
,,,0.010521200000,   0.12000,
,,,0.010521600000,   0.28000,
,,,0.010522000000,   0.36000,
,,,0.010522400000,   0.32000,
,,,0.010522800000,   0.36000,
,,,0.010523200000,   0.36000,
,,,0.010523600000,   0.40000,
,,,0.010524000000,   0.40000,
,,,0.010524400000,   0.36000,
,,,0.010524800000,   0.32000,
,,,0.010525200000,   0.44000,
,,,0.010525600000,   0.36000,
,,,0.010526000000,   0.36000,
,,,0.010526400000,   0.40000,
,,,0.010526800000,   0.40000,
,,,0.010527200000,   0.48000,
,,,0.010527600000,   0.44000,
,,,0.010528000000,   0.60000,
,,,0.010528400000,   0.60000,
,,,0.010528800000,   0.68000,
,,,0.010529200000,   0.64000,
,,,0.010529600000,   0.52000,
,,,0.010530000000,   0.48000,
,,,0.010530400000,   0.48000,
,,,0.010530800000,   0.44000,
,,,0.010531200000,   0.48000,
,,,0.010531600000,   0.60000,
,,,0.010532000000,   0.68000,
,,,0.010532400000,   0.76000,
,,,0.010532800000,   0.80000,
,,,0.010533200000,   0.96000,
,,,0.010533600000,   0.96000,
,,,0.010534000000,   0.84000,
,,,0.010534400000,   0.92000,
,,,0.010534800000,   0.88000,
,,,0.010535200000,   1.00000,
,,,0.010535600000,   1.00000,
,,,0.010536000000,   0.88000,
,,,0.010536400000,   1.08000,
,,,0.010536800000,   1.08000,
,,,0.010537200000,   1.04000,
,,,0.010537600000,   1.08000,
,,,0.010538000000,   0.96000,
,,,0.010538400000,   0.92000,
,,,0.010538800000,   0.96000,
,,,0.010539200000,   0.92000,
,,,0.010539600000,   0.84000,
,,,0.010540000000,   0.84000,
,,,0.010540400000,   1.00000,
,,,0.010540800000,   0.88000,
,,,0.010541200000,   0.88000,
,,,0.010541600000,   0.96000,
,,,0.010542000000,   0.96000,
,,,0.010542400000,   0.92000,
,,,0.010542800000,   1.00000,
,,,0.010543200000,   1.08000,
,,,0.010543600000,   1.04000,
,,,0.010544000000,   1.08000,
,,,0.010544400000,   1.00000,
,,,0.010544800000,   1.04000,
,,,0.010545200000,   1.16000,
,,,0.010545600000,   1.24000,
,,,0.010546000000,   1.08000,
,,,0.010546400000,   1.16000,
,,,0.010546800000,   1.12000,
,,,0.010547200000,   1.08000,
,,,0.010547600000,   1.16000,
,,,0.010548000000,   1.08000,
,,,0.010548400000,   0.96000,
,,,0.010548800000,   1.00000,
,,,0.010549200000,   0.88000,
,,,0.010549600000,   1.00000,
,,,0.010550000000,   0.96000,
,,,0.010550400000,   0.92000,
,,,0.010550800000,   0.80000,
,,,0.010551200000,   0.56000,
,,,0.010551600000,   0.52000,
,,,0.010552000000,   0.56000,
,,,0.010552400000,   0.40000,
,,,0.010552800000,   0.48000,
,,,0.010553200000,   0.40000,
,,,0.010553600000,   0.36000,
,,,0.010554000000,   0.04000,
,,,0.010554400000,   0.00000,
,,,0.010554800000,  -0.24000,
,,,0.010555200000,  -0.40000,
,,,0.010555600000,  -0.44000,
,,,0.010556000000,  -0.64000,
,,,0.010556400000,  -0.80000,
,,,0.010556800000,  -0.80000,
,,,0.010557200000,  -0.92000,
,,,0.010557600000,  -1.04000,
,,,0.010558000000,  -0.72000,
,,,0.010558400000,   1.32000,
,,,0.010558800000,   1.08000,
,,,0.010559200000,   1.04000,
,,,0.010559600000,   1.08000,
,,,0.010560000000,   1.04000,
,,,0.010560400000,   0.96000,
,,,0.010560800000,   0.84000,
,,,0.010561200000,   0.76000,
,,,0.010561600000,   0.56000,
,,,0.010562000000,   0.40000,
,,,0.010562400000,   0.36000,
,,,0.010562800000,   0.20000,
,,,0.010563200000,   0.12000,
,,,0.010563600000,  -0.08000,
,,,0.010564000000,  -0.28000,
,,,0.010564400000,  -0.56000,
,,,0.010564800000,  -0.80000,
,,,0.010565200000,  -1.04000,
,,,0.010565600000,   1.32000,
,,,0.010566000000,   1.08000,
,,,0.010566400000,   1.08000,
,,,0.010566800000,   1.08000,
,,,0.010567200000,   0.92000,
,,,0.010567600000,   0.88000,
,,,0.010568000000,   0.92000,
,,,0.010568400000,   1.08000,
,,,0.010568800000,   1.04000,
,,,0.010569200000,   1.00000,
,,,0.010569600000,   1.08000,
,,,0.010570000000,   1.12000,
,,,0.010570400000,   1.08000,
,,,0.010570800000,  -1.20000,
,,,0.010571200000,  -0.52000,
,,,0.010571600000,  -0.96000,
,,,0.010572000000,  -1.00000,
,,,0.010572400000,  -0.24000,
,,,0.010572800000,   0.96000,
,,,0.010573200000,   1.08000,
,,,0.010573600000,  -1.00000,
,,,0.010574000000,  -1.08000,
,,,0.010574400000,  -0.64000,
,,,0.010574800000,   1.28000,
,,,0.010575200000,   1.16000,
,,,0.010575600000,   1.04000,
,,,0.010576000000,   0.96000,
,,,0.010576400000,   1.12000,
,,,0.010576800000,   1.12000,
,,,0.010577200000,   0.88000,
,,,0.010577600000,   0.96000,
,,,0.010578000000,   1.00000,
,,,0.010578400000,   1.08000,
,,,0.010578800000,   1.04000,
,,,0.010579200000,   1.12000,
,,,0.010579600000,   1.08000,
,,,0.010580000000,   1.16000,
,,,0.010580400000,  -1.36000,
,,,0.010580800000,  -1.00000,
,,,0.010581200000,  -0.64000,
,,,0.010581600000,  -0.60000,
,,,0.010582000000,  -0.64000,
,,,0.010582400000,  -0.56000,
,,,0.010582800000,  -0.52000,
,,,0.010583200000,  -0.48000,
,,,0.010583600000,  -0.40000,
,,,0.010584000000,  -0.28000,
,,,0.010584400000,  -0.28000,
,,,0.010584800000,  -0.16000,
,,,0.010585200000,  -0.24000,
,,,0.010585600000,  -0.08000,
,,,0.010586000000,  -0.12000,
,,,0.010586400000,   0.08000,
,,,0.010586800000,   0.08000,
,,,0.010587200000,   0.00000,
,,,0.010587600000,  -0.04000,
,,,0.010588000000,  -0.12000,
,,,0.010588400000,  -0.32000,
,,,0.010588800000,  -0.44000,
,,,0.010589200000,  -0.56000,
,,,0.010589600000,  -0.60000,
,,,0.010590000000,  -0.48000,
,,,0.010590400000,  -0.64000,
,,,0.010590800000,  -0.76000,
,,,0.010591200000,  -0.84000,
,,,0.010591600000,  -0.84000,
,,,0.010592000000,   0.56000,
,,,0.010592400000,   0.84000,
,,,0.010592800000,   0.72000,
,,,0.010593200000,   0.68000,
,,,0.010593600000,   1.08000,
,,,0.010594000000,   1.08000,
,,,0.010594400000,   1.00000,
,,,0.010594800000,   0.96000,
,,,0.010595200000,   0.88000,
,,,0.010595600000,   0.68000,
,,,0.010596000000,   0.72000,
,,,0.010596400000,   0.68000,
,,,0.010596800000,   0.64000,
,,,0.010597200000,   0.48000,
,,,0.010597600000,   0.52000,
,,,0.010598000000,   0.48000,
,,,0.010598400000,   0.40000,
,,,0.010598800000,   0.28000,
,,,0.010599200000,   0.20000,
,,,0.010599600000,   0.16000,
,,,0.010600000000,   0.00000,
,,,0.010600400000,   0.00000,
,,,0.010600800000,  -0.04000,
,,,0.010601200000,  -0.20000,
,,,0.010601600000,  -0.48000,
,,,0.010602000000,  -0.52000,
,,,0.010602400000,  -0.56000,
,,,0.010602800000,  -0.76000,
,,,0.010603200000,  -1.00000,
,,,0.010603600000,  -0.88000,
,,,0.010604000000,  -1.00000,
,,,0.010604400000,   0.60000,
,,,0.010604800000,  -1.32000,
,,,0.010605200000,  -1.08000,
,,,0.010605600000,   0.80000,
,,,0.010606000000,   0.92000,
,,,0.010606400000,   0.96000,
,,,0.010606800000,   0.80000,
,,,0.010607200000,   0.60000,
,,,0.010607600000,   0.44000,
,,,0.010608000000,   0.52000,
,,,0.010608400000,   0.48000,
,,,0.010608800000,   0.32000,
,,,0.010609200000,   0.20000,
,,,0.010609600000,   0.08000,
,,,0.010610000000,  -0.04000,
,,,0.010610400000,   0.16000,
,,,0.010610800000,   0.08000,
,,,0.010611200000,  -0.04000,
,,,0.010611600000,  -0.04000,
,,,0.010612000000,  -0.08000,
,,,0.010612400000,  -0.12000,
,,,0.010612800000,  -0.20000,
,,,0.010613200000,  -0.20000,
,,,0.010613600000,  -0.28000,
,,,0.010614000000,  -0.44000,
,,,0.010614400000,  -0.40000,
,,,0.010614800000,  -0.24000,
,,,0.010615200000,  -0.24000,
,,,0.010615600000,  -0.24000,
,,,0.010616000000,  -0.04000,
,,,0.010616400000,   0.00000,
,,,0.010616800000,   0.12000,
,,,0.010617200000,   0.08000,
,,,0.010617600000,   0.08000,
,,,0.010618000000,   0.00000,
,,,0.010618400000,  -0.20000,
,,,0.010618800000,  -0.32000,
,,,0.010619200000,  -0.36000,
,,,0.010619600000,  -0.48000,
,,,0.010620000000,  -0.56000,
,,,0.010620400000,  -0.56000,
,,,0.010620800000,  -0.68000,
,,,0.010621200000,  -0.76000,
,,,0.010621600000,  -0.72000,
,,,0.010622000000,  -0.68000,
,,,0.010622400000,  -0.76000,
,,,0.010622800000,  -0.68000,
,,,0.010623200000,  -0.64000,
,,,0.010623600000,  -0.52000,
,,,0.010624000000,  -0.56000,
,,,0.010624400000,  -0.40000,
,,,0.010624800000,  -0.36000,
,,,0.010625200000,  -0.20000,
,,,0.010625600000,  -0.08000,
,,,0.010626000000,  -0.04000,
,,,0.010626400000,   0.00000,
,,,0.010626800000,   0.16000,
,,,0.010627200000,   0.28000,
,,,0.010627600000,   0.32000,
,,,0.010628000000,   0.20000,
,,,0.010628400000,   0.20000,
,,,0.010628800000,   0.28000,
,,,0.010629200000,   0.24000,
,,,0.010629600000,   0.16000,
,,,0.010630000000,   0.20000,
,,,0.010630400000,   0.20000,
,,,0.010630800000,   0.20000,
,,,0.010631200000,   0.24000,
,,,0.010631600000,   0.20000,
,,,0.010632000000,   0.08000,
,,,0.010632400000,   0.04000,
,,,0.010632800000,   0.16000,
,,,0.010633200000,   0.28000,
,,,0.010633600000,   0.48000,
,,,0.010634000000,   0.40000,
,,,0.010634400000,   0.64000,
,,,0.010634800000,   0.84000,
,,,0.010635200000,   1.04000,
,,,0.010635600000,   1.12000,
,,,0.010636000000,   1.20000,
,,,0.010636400000,  -1.28000,
,,,0.010636800000,  -0.88000,
,,,0.010637200000,  -0.72000,
,,,0.010637600000,  -0.72000,
,,,0.010638000000,  -0.76000,
,,,0.010638400000,  -0.80000,
,,,0.010638800000,  -0.80000,
,,,0.010639200000,  -0.68000,
,,,0.010639600000,  -0.76000,
,,,0.010640000000,  -0.64000,
,,,0.010640400000,  -0.44000,
,,,0.010640800000,  -0.40000,
,,,0.010641200000,  -0.40000,
,,,0.010641600000,  -0.24000,
,,,0.010642000000,  -0.12000,
,,,0.010642400000,   0.00000,
,,,0.010642800000,   0.24000,
,,,0.010643200000,   0.36000,
,,,0.010643600000,   0.52000,
,,,0.010644000000,   0.60000,
,,,0.010644400000,   0.76000,
,,,0.010644800000,   0.84000,
,,,0.010645200000,   0.92000,
,,,0.010645600000,   1.12000,
,,,0.010646000000,  -1.28000,
,,,0.010646400000,  -0.84000,
,,,0.010646800000,  -0.56000,
,,,0.010647200000,  -0.28000,
,,,0.010647600000,   0.00000,
,,,0.010648000000,   0.28000,
,,,0.010648400000,   0.44000,
,,,0.010648800000,   0.84000,
,,,0.010649200000,   1.00000,
,,,0.010649600000,   0.96000,
,,,0.010650000000,  -1.16000,
,,,0.010650400000,  -0.84000,
,,,0.010650800000,  -0.60000,
,,,0.010651200000,  -0.36000,
,,,0.010651600000,  -0.08000,
,,,0.010652000000,   0.00000,
,,,0.010652400000,   0.08000,
,,,0.010652800000,   0.32000,
,,,0.010653200000,   0.52000,
,,,0.010653600000,   0.64000,
,,,0.010654000000,   1.00000,
,,,0.010654400000,   1.00000,
,,,0.010654800000,   1.00000,
,,,0.010655200000,  -1.24000,
,,,0.010655600000,  -1.04000,
,,,0.010656000000,  -0.72000,
,,,0.010656400000,  -0.40000,
,,,0.010656800000,  -0.28000,
,,,0.010657200000,  -0.04000,
,,,0.010657600000,   0.24000,
,,,0.010658000000,   0.48000,
,,,0.010658400000,   0.60000,
,,,0.010658800000,   0.80000,
,,,0.010659200000,   1.00000,
,,,0.010659600000,  -0.56000,
,,,0.010660000000,  -0.60000,
,,,0.010660400000,  -0.40000,
,,,0.010660800000,  -0.36000,
,,,0.010661200000,  -0.28000,
,,,0.010661600000,  -0.08000,
,,,0.010662000000,   0.08000,
,,,0.010662400000,   0.20000,
,,,0.010662800000,   0.16000,
,,,0.010663200000,   0.40000,
,,,0.010663600000,   0.60000,
,,,0.010664000000,   0.60000,
,,,0.010664400000,   0.76000,
,,,0.010664800000,   0.88000,
,,,0.010665200000,   0.92000,
,,,0.010665600000,  -1.08000,
,,,0.010666000000,  -0.92000,
,,,0.010666400000,  -0.72000,
,,,0.010666800000,  -0.52000,
,,,0.010667200000,  -0.28000,
,,,0.010667600000,  -0.16000,
,,,0.010668000000,  -0.12000,
,,,0.010668400000,   0.04000,
,,,0.010668800000,   0.12000,
,,,0.010669200000,   0.32000,
,,,0.010669600000,   0.48000,
,,,0.010670000000,   0.48000,
,,,0.010670400000,   0.60000,
,,,0.010670800000,   0.72000,
,,,0.010671200000,   0.80000,
,,,0.010671600000,   0.92000,
,,,0.010672000000,   1.00000,
,,,0.010672400000,   1.04000,
,,,0.010672800000,   1.04000,
,,,0.010673200000,   1.00000,
,,,0.010673600000,   1.00000,
,,,0.010674000000,   1.00000,
,,,0.010674400000,   0.84000,
,,,0.010674800000,   0.96000,
,,,0.010675200000,   1.04000,
,,,0.010675600000,   1.16000,
,,,0.010676000000,   1.20000,
,,,0.010676400000,  -0.16000,
,,,0.010676800000,   1.32000,
,,,0.010677200000,   1.08000,
,,,0.010677600000,  -1.24000,
,,,0.010678000000,  -1.04000,
,,,0.010678400000,  -1.00000,
,,,0.010678800000,  -1.04000,
,,,0.010679200000,  -1.00000,
,,,0.010679600000,  -0.96000,
,,,0.010680000000,  -0.96000,
,,,0.010680400000,  -0.96000,
,,,0.010680800000,  -0.96000,
,,,0.010681200000,  -0.88000,
,,,0.010681600000,  -0.88000,
,,,0.010682000000,  -0.96000,
,,,0.010682400000,  -0.92000,
,,,0.010682800000,  -0.96000,
,,,0.010683200000,  -0.92000,
,,,0.010683600000,  -0.92000,
,,,0.010684000000,  -0.88000,
,,,0.010684400000,  -0.88000,
,,,0.010684800000,  -1.00000,
,,,0.010685200000,  -1.00000,
,,,0.010685600000,  -1.00000,
,,,0.010686000000,  -0.96000,
,,,0.010686400000,  -0.96000,
,,,0.010686800000,  -1.00000,
,,,0.010687200000,  -0.92000,
,,,0.010687600000,  -0.80000,
,,,0.010688000000,  -0.72000,
,,,0.010688400000,  -0.52000,
,,,0.010688800000,  -0.60000,
,,,0.010689200000,  -0.52000,
,,,0.010689600000,  -0.48000,
,,,0.010690000000,  -0.36000,
,,,0.010690400000,  -0.16000,
,,,0.010690800000,  -0.08000,
,,,0.010691200000,   0.08000,
,,,0.010691600000,   0.16000,
,,,0.010692000000,   0.16000,
,,,0.010692400000,   0.32000,
,,,0.010692800000,   0.24000,
,,,0.010693200000,   0.28000,
,,,0.010693600000,   0.32000,
,,,0.010694000000,   0.44000,
,,,0.010694400000,   0.40000,
,,,0.010694800000,   0.48000,
,,,0.010695200000,   0.52000,
,,,0.010695600000,   0.60000,
,,,0.010696000000,   0.60000,
,,,0.010696400000,   0.52000,
,,,0.010696800000,   0.56000,
,,,0.010697200000,   0.56000,
,,,0.010697600000,   0.48000,
,,,0.010698000000,   0.56000,
,,,0.010698400000,   0.68000,
,,,0.010698800000,   0.80000,
,,,0.010699200000,   0.92000,
,,,0.010699600000,   0.96000,
